CountryCode,Country,Total population of concern,Total Refugee and people in refugee-like situations,IDPs protected/assisted by UNHCR,Asylum-seekers (asylum),Rank of total population of concern,Total refugees and asylum-seekers (asylum),GDP Per Capita,Appeal funds committed to date,Appeal funds requested,Appeal funds still needed,Appeal percent funded,FTS funding data as-of date,Population,Fragile State Index Score,Fragile State Index Rank,Total people in need,People in need of health support,Children in need of education,People who are food insecure,People in need of protection,Source of needs data,People in need of shelter,"People in need of water, sanitization & hygiene",Source type of needs data,Place with similar population as people in need,Population of place with similar population,Humanitarian aid received,Rank of humanitarian aid received,Top 5 Donors,storyTitle,storySource,storyTagLine,storyURL,Total refugees who have fled from country,Asylum-seekers (origin),Total refugees and asylum-seekers (origin),Population of concern per 1000 population,Population of concern per million GDP,Country has current appeal
ABW,Aruba,5,1,0,4,170th,5,,,,,,,104588,,,,,,,,,,,,,,,,,,,,,,,,0.047806631736,,False
AFG,Afghanistan,2355622,59771,1797551,128,11th,59899,1940.0,166826730,550236457,383409727,0.303190978856,2017-08-01,34169169,107.3,9th,9300000.0,6300000.0,,3200000.0,3700000.0,https://www.humanitarianresponse.info/system/files/documents/files/afg_2017_hno_english.pdf,2100000.0,2300000.0,Humanitarian Needs Overview,United Arab Emirates,9156960.0,528542976,13th,"[{u'organization_name': u'United States of America, Government of', u'totalFunding': 149722339}, {u'organization_name': u'United Kingdom, Government of', u'totalFunding': 54932340}, {u'organization_name': u'Germany, Government of', u'totalFunding': 49804454}, {u'organization_name': u'Japan, Government of', u'totalFunding': 47169783}, {u'organization_name': u'European Commission's Humanitarian Aid and Civil Protection Department', u'totalFunding': 42496691}]",The Story After the Story for a 16 Year-Old Refugee with Dashed Hopes,New York Times,An Afghan chid challenging Trump's travel ban,https://www.nytimes.com/2017/03/10/insider/the-story-after-the-story-for-a-16-year-old-refugee-with-dashed-hopes.html?_r=0,2501445,368957,2870402,68.9399850491,35.5360747676,True
AGO,Angola,45698,15555,0,30143,73rd,45698,6470.0,,,,,,26655513,91.1,32nd,,,,,,,,,,,,12710944,66th,"[{u'organization_name': u'Central Emergency Response Fund', u'totalFunding': 7989386}, {u'organization_name': u'European Commission's Humanitarian Aid and Civil Protection Department', u'totalFunding': 3031645}, {u'organization_name': u'Canada, Government of', u'totalFunding': 747384}, {u'organization_name': u'Switzerland, Government of', u'totalFunding': 422330}, {u'organization_name': u'Sweden, Government of', u'totalFunding': 326517}]",,,,,8404,4773,13177,1.71439206591,0.264975589785,False
AIA,Anguilla,1,1,0,0,182nd,1,,,,,,,14906,,,,,,,,,,,,,,,,,,,,,1,0,1,0.0670870790286,,False
ALA,Åland Islands,,,,,,,,,,,,,,,,,,,,,,,,,,,,,,,,,,,,,,,False
ALB,Albania,7811,138,0,2752,112th,2890,11310.0,,,,,,2911428,60.5,124th,,,,,,,,,,,,60693,129th,"[{u'organization_name': u'Sweden, Government of', u'totalFunding': 48077}, {u'organization_name': u'Saudi Arabia (Kingdom of), Government of', u'totalFunding': 12616}]",,,,,11065,23787,34852,2.68287589458,0.237212722774,False
AND,Andorra,,,,,,,,,,,,,68728,,,,,,,,,,,,,,,,,,,,,2,4,6,,,False
ARB,,,,,,,,16428.8063811,,,,,,,,,,,,,,,,,,,,,,,,,,,,,,,,False
ARE,United Arab Emirates,1507,895,0,612,135th,1507,70020.0,,,,,,9397599,43.7,147th,,,,,,,,,,,,700000,112th,"[{u'organization_name': u'United States of America, Government of', u'totalFunding': 700000}]",,,,,112,165,277,0.160360109002,0.00229020435593,False
ARG,Argentina,7465,3293,0,3991,113th,7284,20010.0,,,,,,44272125,48.2,140th,,,,,,,,,,,,,,,,,,,128,214,342,0.168616256843,0.0084265995424,False
ARM,Armenia,18480,17886,0,82,90th,17968,8770.0,,,,,,3031670,71.0,102nd,,,,,,,,,,,,2993636,85th,"[{u'organization_name': u'European Commission's Humanitarian Aid and Civil Protection Department', u'totalFunding': 2593636}, {u'organization_name': u'United States of America, Government of', u'totalFunding': 400000}]",,,,,10719,13100,23819,6.09565025217,0.695057041297,False
ASM,American Samoa,,,,,,,,,,,,,55653,,,,,,,,,,,,,,,,,,,,,0,3,3,,,False
ATA,Antarctica,,,,,,,,,,,,,,,,,,,,,,,,,,,,,,,,,,,,,,,False
ATF,French Southern Territories,,,,,,,,,,,,,,,,,,,,,,,,,,,,,,,,,,,,,,,False
ATG,Antigua and Barbuda,4,4,0,0,173rd,4,22280.0,,,,,,93659,54.8,131st,,,,,,,,,,,,,,,,,,,83,32,115,0.0427081220171,0.00191688159861,False
AUS,Australia,71778,42188,0,29590,64th,71778,45320.0,,,,,,24641662,22.3,172nd,,,,,,,,,,,,,,,,,,,14,15,29,2.91287170484,0.0642734268499,False
AUT,Austria,170596,93250,0,76409,49th,169659,49160.0,,,,,,8592400,27.7,166th,,,,,,,,,,,,,,,,,,,6,6,12,19.8542898375,0.403870826638,False
AZE,Azerbaijan,618137,1193,613129,230,24th,1423,17170.0,,,,,,9973697,76.3,81st,,,,,,,,,,,,587130,115th,"[{u'organization_name': u'Sweden, Government of', u'totalFunding': 587130}]",,,,,10112,8097,18209,61.9767173597,3.60959332322,False
BDI,Burundi,208049,57469,141221,3613,45th,61082,730.0,33658142,73700000,40041858,0.456691207598,2017-08-01,11936481,98.9,17th,3000000.0,3100000.0,582000.0,2200000.0,1800000.0,https://www.humanitarianresponse.info/system/files/documents/files/hno_burundi_2017_fr_small.pdf,351000.0,2700000.0,Humanitarian Needs Overview,"Athens, Greece",3046000.0,80989260,32nd,"[{u'organization_name': u'United States of America, Government of', u'totalFunding': 20575766}, {u'organization_name': u'Germany, Government of', u'totalFunding': 16811038}, {u'organization_name': u'Central Emergency Response Fund', u'totalFunding': 12985955}, {u'organization_name': u'Belgium, Government of', u'totalFunding': 7479207}, {u'organization_name': u'World Food Programme', u'totalFunding': 4451200}]",Diner gives Burundian refugee a taste of self reliance,UNHCR,Burundian refugee opens a small restaurant in the DRC and finds her way to self reliance,http://www.unhcr.org/news/stories/2017/4/58e49ddb4/diner-gives-burundian-refugee-taste-self-reliance.html,408085,24400,432485,17.4296763007,23.8762689051,True
BEL,Belgium,68909,42168,0,24111,68th,66279,45660.0,,,,,,11443830,30.8,163rd,,,,,,,,,,,,765027,109th,"[{u'organization_name': u'European Commission's Humanitarian Aid and Civil Protection Department', u'totalFunding': 765027}]",,,,,45,21,66,6.02149804742,0.131876873575,False
BEN,Benin,1035,809,0,226,139th,1035,2050.0,,,,,,11458611,77.6,73rd,,,,,,,,,,,,1142705,104th,"[{u'organization_name': u'Not specified', u'totalFunding': 653968}, {u'organization_name': u'Start Fund', u'totalFunding': 238902}, {u'organization_name': u'Saudi Arabia (Kingdom of), Government of', u'totalFunding': 234521}, {u'organization_name': u'Canada, Government of', u'totalFunding': 15314}]",,,,,489,1174,1663,0.0903250839041,0.0440610165386,False
BES,"Bonaire, Sint Eustatius and Saba",,,,,,,,,,,,,25699,,,,,,,,,,,,,,,,,,,,,,,,,,False
BFA,Burkina Faso,32676,32552,0,124,78th,32676,1660.0,21643219,61089000,39445781,0.354289954002,2017-08-01,19173322,88.0,44th,861000.0,,,153000.0,,http://reliefweb.int/sites/reliefweb.int/files/resources/burkina_2017_hno_17fev.pdf,,,Humanitarian Needs Overview,"Amsterdam, Netherlands",1099000.0,72759031,34th,"[{u'organization_name': u'European Commission's Humanitarian Aid and Civil Protection Department', u'totalFunding': 22926878}, {u'organization_name': u'ECHO DFID contribution', u'totalFunding': 15218617}, {u'organization_name': u'Germany, Government of', u'totalFunding': 9054916}, {u'organization_name': u'Private (individuals & organizations)', u'totalFunding': 5376534}, {u'organization_name': u'Japan, Government of', u'totalFunding': 4278020}]",Rokia Traore visits Malian refugees,UNHCR,A Malian singer and songwriter visits Malian refugees in a refugee camp in Burkina Faso,http://stories.unhcr.org/rokia-traore-visits-malian-refugees-p6439.html,2357,4212,6569,1.70424301016,1.02665241576,True
BGD,Bangladesh,276208,276207,0,1,39th,276208,3560.0,,,,,,164827718,89.1,39th,,,,,,,,,,,,38306397,43rd,"[{u'organization_name': u'European Commission's Humanitarian Aid and Civil Protection Department', u'totalFunding': 14344542}, {u'organization_name': u'United States of America, Government of', u'totalFunding': 6000000}, {u'organization_name': u'Central Emergency Response Fund', u'totalFunding': 4890038}, {u'organization_name': u'Sweden, Government of', u'totalFunding': 4421465}, {u'organization_name': u'United Kingdom, Government of', u'totalFunding': 3212851}]",,,,,13850,25931,39781,1.67573757224,0.470712801192,False
BGR,Bulgaria,33923,17814,0,16042,77th,33856,17880.0,,,,,,7045259,53.7,132nd,,,,,,,,,,,,28351,134th,"[{u'organization_name': u'Lithuania, Government of', u'totalFunding': 28351}]",,,,,805,260,1065,4.81501105921,0.269295920537,False
BHR,Bahrain,382,271,0,111,149th,382,38660.0,,,,,,1418895,64.9,118th,,,,,,,,,,,,,,,,,,,462,95,557,0.269223585959,0.00696387961613,False
BHS,Bahamas,31,13,0,18,163rd,31,21970.0,,,,,,397164,52.4,134th,,,,,,,,,,,,657114,114th,"[{u'organization_name': u'United States of America, Government of', u'totalFunding': 407114}, {u'organization_name': u'Dominica', u'totalFunding': 100000}, {u'organization_name': u'Canadian Imperial Bank of Commerce', u'totalFunding': 100000}, {u'organization_name': u'Private (individuals & organizations)', u'totalFunding': 50000}, {u'organization_name': u'Jamaica, Government of', u'totalFunding': 0}]",,,,,299,121,420,0.078053398596,0.00355272638125,False
BIH,Bosnia and Herzegovina,156139,5271,98324,53,52nd,5324,10900.0,,,,,,3792759,73.0,93rd,,,,,,,,,,,,2362534,92nd,"[{u'organization_name': u'Germany, Government of', u'totalFunding': 2078616}, {u'organization_name': u'Italy, Government of', u'totalFunding': 283918}]",,,,,18199,3112,21311,41.1676565793,3.77684922746,False
BLM,Saint Barthélemy,,,,,,,,,,,,,,,,,,,,,,,,,,,,,,,,,,,,,,,False
BLR,Belarus,8063,1650,0,231,109th,1881,16920.0,,,,,,9458535,72.4,95th,,,,,,,,,,,,,,,,,,,3840,1940,5780,0.852457595177,0.0503816545613,False
BLZ,Belize,4140,0,0,2431,123rd,2431,8020.0,,,,,,374651,65.5,115th,,,,,,,,,,,,80000,128th,"[{u'organization_name': u'Mexico, Government of', u'totalFunding': 50000}, {u'organization_name': u'Private (individuals & organizations)', u'totalFunding': 30000}]",,,,,57,160,217,11.0502841311,1.3778409141,False
BMU,Bermuda,0,0,0,0,185th,0,,,,,,,61352,,,,,,,,,,,,,,,,,,,,,0,2,2,0.0,,False
BOL,Bolivia (Plurinational State of),789,786,0,3,141st,789,6710.0,,,,,,11052864,76.8,77th,,,,,,,,,,,,6548812,75th,"[{u'organization_name': u'Switzerland, Government of', u'totalFunding': 5380184}, {u'organization_name': u'European Commission's Humanitarian Aid and Civil Protection Department', u'totalFunding': 800439}, {u'organization_name': u'Sweden, Government of', u'totalFunding': 292466}, {u'organization_name': u'Luxembourg, Government of', u'totalFunding': 60115}, {u'organization_name': u'Italy, Government of', u'totalFunding': 15608}]",,,,,537,422,959,0.0713842131777,0.0106384818447,False
BRA,Brazil,68087,9689,0,35464,69th,45153,15050.0,,,,,,211243220,68.2,110th,,,,,,,,,,,,1322130,103rd,"[{u'organization_name': u'Sweden, Government of', u'totalFunding': 587130}, {u'organization_name': u'US Fund for UNICEF', u'totalFunding': 535000}, {u'organization_name': u'United Nations Population Fund', u'totalFunding': 200000}]",,,,,809,3776,4585,0.32231567006,0.021416323592,False
BRB,Barbados,2,0,0,2,179th,2,15610.0,,,,,,285744,49.6,139th,,,,,,,,,,,,,,,,,,,148,45,193,0.0069992720757,0.000448383861352,False
BRN,Brunei Darussalam,20524,0,0,0,87th,0,82140.0,,,,,,434448,61.6,122nd,,,,,,,,,,,,,,,,,,,1,4,5,47.2415571023,0.575134612885,False
BTN,Bhutan,,,,,,,7630.0,,,,,,792877,76.0,83rd,,,,,,,,,,,,332963,121st,"[{u'organization_name': u'European Commission's Humanitarian Aid and Civil Protection Department', u'totalFunding': 332963}]",,,,,11757,286,12043,,,False
BVT,Bouvet Island,,,,,,,,,,,,,,,,,,,,,,,,,,,,,,,,,,,,,,,False
BWA,Botswana,2832,2093,0,80,127th,2173,15510.0,,,,,,2343981,63.8,120th,,,,,,,,,,,,,,,,,,,272,126,398,1.20820091972,0.0778981895369,False
CAF,Central African Republic,458607,12115,411785,304,30th,12419,620.0,118966076,497300000,378333924,0.239223961392,2017-08-01,5098826,112.6,3rd,2200000.0,1300000.0,400000.0,2000000.0,2000000.0,https://drive.google.com/file/d/0B-omYVl2EUDiUXVMSHBBX3h3QzA/view,800000.0,2200000.0,Humanitarian Needs Overview,Macedonia,2078450.0,273452120,19th,"[{u'organization_name': u'United States of America, Government of', u'totalFunding': 66954026}, {u'organization_name': u'United Kingdom, Government of', u'totalFunding': 30536581}, {u'organization_name': u'European Commission's Humanitarian Aid and Civil Protection Department', u'totalFunding': 25104725}, {u'organization_name': u'Germany, Government of', u'totalFunding': 22252758}, {u'organization_name': u'Sweden, Government of', u'totalFunding': 14563965}]","Jeanne Barat, the story of a Central African Refugee in Chad ",Oxfam,A refugee woman's story between past and present hardhsips,https://www.oxfam.org/en/file/jeanne-berat-story-central-african-republic-refugee-chad-english,490892,10603,501495,89.943645851,145.070396534,True
CAN,Canada,121267,97332,0,23935,54th,121267,43900.0,,,,,,36626083,22.6,169th,,,,,,,,,,,,50000,130th,"[{u'organization_name': u'United States of America, Government of', u'totalFunding': 50000}]",,,,,84,67,151,3.31094646403,0.0754201928024,False
CCK,Cocos (Keeling) Islands,,,,,,,,,,,,,,,,,,,,,,,,,,,,,,,,,,,,,,,False
CEB,,,,,,,,25251.3722199,,,,,,,,,,,,,,,,,,,,,,,,,,,,,,,,False
CHE,Switzerland,113547,82681,0,30800,56th,113481,64100.0,,,,,,8454083,21.1,176th,,,,,,,,,,,,438944,117th,"[{u'organization_name': u'Denmark, Government of', u'totalFunding': 142794}]",,,,,6,13,19,13.4310249852,0.209532371064,False
CHL,Chile,4960,1737,0,3223,120th,4960,22760.0,,,,,,18313495,41.1,150th,,,,,,,,,,,,,,,,,,,498,205,703,0.270838526453,0.0118997595102,False
CHN,China,317923,317255,0,668,35th,317923,14390.0,,,,,,1388232693,74.7,85th,,,,,,,,,,,,800000,108th,"[{u'organization_name': u'United States of America, Government of', u'totalFunding': 800000}]",,,,,207772,72144,279916,0.229012759607,0.0159147157475,False
CIV,Côte d'Ivoire,715353,1399,0,284,22nd,1683,3260.0,,,,,,23815886,96.5,21st,,,,,,,,,,,,17192580,62nd,"[{u'organization_name': u'United States of America, Government of', u'totalFunding': 9200000}, {u'organization_name': u'Denmark, Government of', u'totalFunding': 3049881}, {u'organization_name': u'Central Emergency Response Fund', u'totalFunding': 1965416}, {u'organization_name': u'Sweden, Government of', u'totalFunding': 1103266}, {u'organization_name': u'African Development Bank', u'totalFunding': 1000000}]",,,,,46813,18621,65434,30.0367998067,9.21374227198,False
CMR,Cameroon,595935,375415,198889,3251,26th,378666,3070.0,86752524,309643212,222890688,0.280169306602,2017-08-01,24513689,95.6,26th,2900000.0,1500000.0,450000.0,2800000.0,1000000.0,https://drive.google.com/file/d/0B-omYVl2EUDiRjZsbHNWNkd6ZE0/view,656000.0,813000.0,Humanitarian Needs Overview,"Lisbon, Portugal",2902000.0,189281030,27th,"[{u'organization_name': u'United States of America, Government of', u'totalFunding': 73016268}, {u'organization_name': u'European Commission's Humanitarian Aid and Civil Protection Department', u'totalFunding': 17157995}, {u'organization_name': u'Japan, Government of', u'totalFunding': 12795056}, {u'organization_name': u'United Kingdom, Government of', u'totalFunding': 12619763}, {u'organization_name': u'Germany, Government of', u'totalFunding': 12299143}]",Photo essay: stories of hope from a Cameroon refugee camp,UN Women,The challenges and empowerment of refugee women in a refugee camp in Cameroon,http://www.unwomen.org/pt/digital-library/multimedia/2016/5/photo-refugee-camps-in-cameroon,10374,10928,21302,24.310294546,7.91866271858,True
COD,Democratic Republic of the Congo,3319006,451956,2232900,1327,4th,453283,720.0,196655075,812614297,615959222,0.242002972045,2017-08-01,82242685,110.0,7th,6900000.0,6400000.0,3000000.0,4400000.0,7300000.0,https://www.humanitarianresponse.info/system/files/documents/files/drc_hno_2017_1.pdf,2100000.0,6900000.0,Humanitarian Needs Overview,Serbia,7095380.0,479303581,14th,"[{u'organization_name': u'United States of America, Government of', u'totalFunding': 171018636}, {u'organization_name': u'European Commission's Humanitarian Aid and Civil Protection Department', u'totalFunding': 58847270}, {u'organization_name': u'United Kingdom, Government of', u'totalFunding': 39232641}, {u'organization_name': u'Germany, Government of', u'totalFunding': 37227975}, {u'organization_name': u'Sweden, Government of', u'totalFunding': 30309605}]","Sister Angelique Namaika's story, Democratic Republic of Congo",UNHCR,The 2013 winner of UNHCR's Nansen Refugee Award helps traumatised girls and women recover and thrive,http://stories.unhcr.org/sister-anglique-namaika-p143.html,537473,82572,620045,40.3562456649,56.0503412012,True
COG,Congo,71598,46457,15303,6675,65th,53132,6320.0,3733870,23700000,19966130,0.157547257384,2017-08-01,4866243,93.4,29th,,,,,,,,,,,,25528839,51st,"[{u'organization_name': u'Not specified', u'totalFunding': 10243457}, {u'organization_name': u'United States of America, Government of', u'totalFunding': 9017484}, {u'organization_name': u'Japan, Government of', u'totalFunding': 3817883}, {u'organization_name': u'Central Emergency Response Fund', u'totalFunding': 2366915}, {u'organization_name': u'United Nations Population Fund', u'totalFunding': 83100}]",,,,,13302,4341,17643,14.7131986627,2.32803776309,True
COK,Cook Islands,,,,,,,,,,,,,21069,,,,,,,,,,,,,,,,,,,,,1,0,1,,,False
COL,Colombia,7411675,258,7410816,386,1st,644,13550.0,,,,,,49067981,78.9,69th,,,,,,,,,,,,58037958,38th,"[{u'organization_name': u'United States of America, Government of', u'totalFunding': 15598953}, {u'organization_name': u'European Commission's Humanitarian Aid and Civil Protection Department', u'totalFunding': 9701213}, {u'organization_name': u'Germany, Government of', u'totalFunding': 9571164}, {u'organization_name': u'Switzerland, Government of', u'totalFunding': 7763998}, {u'organization_name': u'Sweden, Government of', u'totalFunding': 4354978}]",,,,,311062,12576,323638,151.049112862,11.1475360046,False
COM,Comoros,0,0,0,0,185th,0,1490.0,,,,,,825920,84.8,52nd,,,,,,,,,,,,107227,126th,"[{u'organization_name': u'Saudi Arabia (Kingdom of), Government of', u'totalFunding': 88333}, {u'organization_name': u'Not specified', u'totalFunding': 18894}]",,,,,576,240,816,0.0,0.0,False
CPV,Cabo Verde,115,0,0,0,155th,0,6320.0,,,,,,533468,70.1,106th,,,,,,,,,,,,5334,135th,"[{u'organization_name': u'Sweden, Government of', u'totalFunding': 5334}]",,,,,13,103,116,0.215570568431,0.0341092671569,False
CRI,Costa Rica,7953,4180,0,3646,110th,7826,14910.0,,,,,,4905626,44.1,145th,,,,,,,,,,,,1802152,96th,"[{u'organization_name': u'United States of America, Government of', u'totalFunding': 1100000}, {u'organization_name': u'European Commission's Humanitarian Aid and Civil Protection Department', u'totalFunding': 702152}]",,,,,208,308,516,1.62119982241,0.108732382455,False
CSS,,,,,,,,15095.8425126,,,,,,,,,,,,,,,,,,,,,,,,,,,,,,,,False
CUB,Cuba,343,316,0,27,150th,343,,,,,,,11390184,64.6,119th,,,,,,,,,,,,7509121,74th,"[{u'organization_name': u'Central Emergency Response Fund', u'totalFunding': 5352736}, {u'organization_name': u'Switzerland, Government of', u'totalFunding': 752233}, {u'organization_name': u'European Commission's Humanitarian Aid and Civil Protection Department', u'totalFunding': 679502}, {u'organization_name': u'Canada, Government of', u'totalFunding': 386110}, {u'organization_name': u'Italy, Government of', u'totalFunding': 224215}]",,,,,5948,5027,10975,0.0301136487347,,False
CUW,Curaçao,111,54,0,57,156th,111,,,,,,,159987,,,,,,,,,,,,,,,,,,,,,35,0,35,0.693806371768,,False
CXR,Christmas Island,,,,,,,,,,,,,,,,,,,,,,,,,,,,,,,,,,,,,,,False
CYM,Cayman Islands,42,18,0,24,161st,42,,,,,,,61557,,,,,,,,,,,,,,,,,,,,,7,0,7,0.682294458794,,False
CYP,Cyprus,17572,8484,0,3088,93rd,11572,31660.0,,,,,,1187575,62.6,121st,,,,,,,,,,,,,,,,,,,2,9,11,14.7965391659,0.467357522614,False
CZE,Czechia,5921,3644,0,775,116th,4419,31550.0,,,,,,10555130,40.1,152nd,,,,,,,,,,,,,,,,,,,1271,240,1511,0.560959457629,0.0177800145049,False
DEU,Germany,1268845,669482,0,587346,15th,1256828,49090.0,,,,,,80636124,28.1,165th,,,,,,,,,,,,,,,Welcome to Weimar,New York Times,Exploring integration challenges and success stories in the city of Weimar,https://www.nytimes.com/interactive/2017/04/28/world/europe/weimar-germany-syrian-refugees.html?utm_source=POLITICO.EU&utm_campaign=98138432c0-EMAIL_CAMPAIGN_2017_05_01&utm_medium=email&utm_term=0_10959edeb5-98138432c0-190049249&_r=0,74,132,206,15.7354413513,0.320542704244,False
DJI,Djibouti,25862,17683,0,8061,83rd,25744,,6721473,42977698,36256225,0.156394439739,2017-08-01,911382,88.9,41st,289338.0,289338.0,,196910.0,70250.0,http://reliefweb.int/sites/reliefweb.int/files/resources/HRP%20Djib%202017.pdf,,174828.0,Humanitarian Response Plan,Iceland,330810.0,30892445,45th,"[{u'organization_name': u'United States of America, Government of', u'totalFunding': 12696614}, {u'organization_name': u'Japan, Government of', u'totalFunding': 5282422}, {u'organization_name': u'Sweden, Government of', u'totalFunding': 2907206}, {u'organization_name': u'European Commission's Humanitarian Aid and Civil Protection Department', u'totalFunding': 2006910}, {u'organization_name': u'Central Emergency Response Fund', u'totalFunding': 1972054}]",,,,,1440,840,2280,28.3766850783,,True
DMA,Dominica,0,0,0,0,185th,0,10500.0,,,,,,73353,,,,,,,,,,,,,,155701,124th,"[{u'organization_name': u'Saudi Arabia (Kingdom of), Government of', u'totalFunding': 100000}, {u'organization_name': u'Switzerland, Government of', u'totalFunding': 55701}]",,,,,24,123,147,0.0,0.0,False
DNK,Denmark,47456,33507,0,6339,72nd,39846,49240.0,,,,,,5711837,21.5,175th,,,,,,,,,,,,10000000,69th,"[{u'organization_name': u'United States of America, Government of', u'totalFunding': 10000000}]",,,,,2,7,9,8.30836034011,0.168731932171,False
DOM,Dominican Republic,1388,592,0,796,136th,1388,13600.0,,,,,,10766564,69.0,109th,,,,,,,,,,,,2521591,90th,"[{u'organization_name': u'United States of America, Government of', u'totalFunding': 1576578}, {u'organization_name': u'European Commission's Humanitarian Aid and Civil Protection Department', u'totalFunding': 790072}, {u'organization_name': u'Start Fund', u'totalFunding': 154941}]",,,,,361,2350,2711,0.128917637976,0.00947923808649,False
DZA,Algeria,99949,94232,0,5712,58th,99944,14310.0,,,,,,41063753,76.8,77th,,,,,,,,,,,,26682970,48th,"[{u'organization_name': u'European Commission's Humanitarian Aid and Civil Protection Department', u'totalFunding': 10140010}, {u'organization_name': u'Spain, Government of', u'totalFunding': 5022340}, {u'organization_name': u'Switzerland, Government of', u'totalFunding': 3567630}, {u'organization_name': u'United States of America, Government of', u'totalFunding': 2750000}, {u'organization_name': u'Germany, Government of', u'totalFunding': 2266290}]",,,,,3726,7162,10888,2.43399574316,0.170090548089,False
EAP,,,,,,,,12893.5172171,,,,,,,,,,,,,,,,,,,,,,,,,,,,,,,,False
EAR,,,,,,,,8613.24133853,,,,,,,,,,,,,,,,,,,,,,,,,,,,,,,,False
EAS,,,,,,,,16127.6412743,,,,,,,,,,,,,,,,,,,,,,,,,,,,,,,,False
ECA,,,,,,,,17744.0379769,,,,,,,,,,,,,,,,,,,,,,,,,,,,,,,,False
ECS,,,,,,,,30039.6890251,,,,,,,,,,,,,,,,,,,,,,,,,,,,,,,,False
ECU,Ecuador,127390,102848,0,24542,53rd,127390,11270.0,,,,,,16625776,77.3,75th,,,,,,,,,,,,50542488,39th,"[{u'organization_name': u'United States of America, Government of', u'totalFunding': 9160113}, {u'organization_name': u'Central Emergency Response Fund', u'totalFunding': 7401349}, {u'organization_name': u'European Commission's Humanitarian Aid and Civil Protection Department', u'totalFunding': 7310214}, {u'organization_name': u'Private (individuals & organizations)', u'totalFunding': 4620907}, {u'organization_name': u'Switzerland, Government of', u'totalFunding': 3546218}]",,,,,1046,13699,14745,7.66219874489,0.67987566503,False
EGY,Egypt,263426,213530,0,49877,40th,263407,10710.0,,,,,,95215102,89.8,36th,,,,,,,,,,,,68298593,35th,"[{u'organization_name': u'United States of America, Government of', u'totalFunding': 22953225}, {u'organization_name': u'World Food Programme', u'totalFunding': 16649590}, {u'organization_name': u'Germany, Government of', u'totalFunding': 11337868}, {u'organization_name': u'European Commission's Humanitarian Aid and Civil Protection Department', u'totalFunding': 6506196}, {u'organization_name': u'Switzerland, Government of', u'totalFunding': 2430099}]",,,,,19796,13050,32846,2.76664094736,0.258323151014,False
EMU,,,,,,,,41179.3970599,,,,,,,,,,,,,,,,,,,,,,,,,,,,,,,,False
ERI,Eritrea,2367,2342,0,8,130th,2350,,,,,,,5481906,98.1,19th,,,,,,,,,,,,8835723,71st,"[{u'organization_name': u'Germany, Government of', u'totalFunding': 2653928}, {u'organization_name': u'Central Emergency Response Fund', u'totalFunding': 2002599}, {u'organization_name': u'Ireland, Government of', u'totalFunding': 1114827}, {u'organization_name': u'Canada, Government of', u'totalFunding': 1034191}, {u'organization_name': u'Not specified', u'totalFunding': 800000}]",These refugees in Ethiopia are painting their stories,ONE,Art teacher encourages Eritrean refugees to use painting to tell their stories,https://www.one.org/us/2016/08/10/these-refugees-in-ethiopia-are-painting-their-stories/,459430,64266,523696,0.431784127637,,False
ESH,Western Sahara,6,0,0,0,169th,0,,,,,,,596021,,,,,,,,,,,,,,4761029,80th,"[{u'organization_name': u'Germany, Government of', u'totalFunding': 4292096}, {u'organization_name': u'Sweden, Government of', u'totalFunding': 468933}]",,,,,116649,1999,118648,0.0100667593927,,False
ESP,Spain,34360,12989,0,20360,76th,33349,34880.0,,,,,,46070146,37.9,155th,,,,,,,,,,,,,,,,,,,35,133,168,0.745819212294,0.0213824315451,False
EST,Estonia,82950,322,0,43,62nd,365,28390.0,,,,,,1305755,44.7,143rd,,,,,,,,,,,,,,,,,,,305,47,352,63.5264655314,2.23763527761,False
ETH,Ethiopia,794133,791631,0,1964,20th,793595,1620.0,268746891,948634696,679887805,0.283298610238,2017-08-01,104344901,101.1,15th,9200000.0,4370000.0,2900000.0,5600000.0,590000.0,http://reliefweb.int/sites/reliefweb.int/files/resources/2017_hrd_40final_.pdf,600000.0,9100000.0,Humanitarian Requirements Document,United Arab Emirates,9156960.0,1323668747,6th,"[{u'organization_name': u'United States of America, Government of', u'totalFunding': 619335597}, {u'organization_name': u'European Commission's Humanitarian Aid and Civil Protection Department', u'totalFunding': 180977382}, {u'organization_name': u'United Kingdom, Government of', u'totalFunding': 100547785}, {u'organization_name': u'Germany, Government of', u'totalFunding': 87711556}, {u'organization_name': u'Canada, Government of', u'totalFunding': 53819334}]","Nasttho's story, Ethiopia",UNHCR,Young Somali refugee advocates for girls' education,http://stories.unhcr.org/nastthos-story-ethiopia-p970.html,83966,78054,162020,7.6106545925,4.69793493364,True
EUU,,,,,,,,38490.6124819,,,,,,,,,,,,,,,,,,,,,,,,,,,,,,,,False
FCS,,,,,,,,3875.93139624,,,,,,,,,,,,,,,,,,,,,,,,,,,,,,,,False
FIN,Finland,26672,18401,0,5600,80th,24001,42600.0,,,,,,5541274,18.7,178th,,,,,,,,,,,,,,,,,,,4,7,11,4.81333354027,0.112989050241,False
FJI,Fiji,14,12,0,2,166th,14,8850.0,,,,,,902547,76.9,76th,,,,,,,,,,,,43741715,41st,"[{u'organization_name': u'Australia, Government of', u'totalFunding': 22321947}, {u'organization_name': u'Central Emergency Response Fund', u'totalFunding': 8022382}, {u'organization_name': u'United States of America, Government of', u'totalFunding': 3728282}, {u'organization_name': u'New Zealand, Government of', u'totalFunding': 3075050}, {u'organization_name': u'European Commission's Humanitarian Aid and Civil Protection Department', u'totalFunding': 1121699}]",,,,,792,514,1306,0.0155116575646,0.00175272966832,False
FLK,Falkland Islands (Malvinas),,,,,,,,,,,,,2919,,,,,,,,,,,,,,,,,,,,,,,,,,False
FRA,France,368687,304546,0,62771,31st,367317,41680.0,,,,,,64938716,33.5,159th,,,,,,,,,,,,,,,,,,,54,121,175,5.67746057683,0.136215464895,False
FRO,Faroe Islands,,,,,,,,,,,,,48335,,,,,,,,,,,,,,,,,,,,,,,,,,False
FSM,Micronesia (Federated States of),4,4,0,0,173rd,4,4120.0,,,,,,536911,76.4,80th,,,,,,,,,,,,26207039,50th,"[{u'organization_name': u'United States of America, Government of', u'totalFunding': 26207039}]",,,,,0,0,0,0.0074500243057,0.00180825832663,False
GAB,Gabon,2841,931,0,1909,126th,2840,18880.0,,,,,,1801232,73.8,91st,,,,,,,,,,,,,,,,,,,171,442,613,1.57725379074,0.083540984679,False
GBR,United Kingdom of Great Britain and Northern Ireland,165843,118995,0,46784,50th,165779,40900.0,,,,,,65511098,33.2,160th,,,,,,,,,,,,,,,,,,,81,109,190,2.5315252692,0.0618954833545,False
GEO,Georgia,276782,2125,273765,312,38th,2437,9340.0,,,,,,3972532,76.5,79th,,,,,,,,,,,,1513274,100th,"[{u'organization_name': u'European Commission's Humanitarian Aid and Civil Protection Department', u'totalFunding': 509626}, {u'organization_name': u'Switzerland, Government of', u'totalFunding': 504541}, {u'organization_name': u'United States of America, Government of', u'totalFunding': 400000}, {u'organization_name': u'Bulgaria, Government of', u'totalFunding': 99107}]",,,,,6403,10289,16692,69.6739510217,7.45973779675,False
GGY,Guernsey,,,,,,,,,,,,,,,,,,,,,,,,,,,,,,,,,,,,,,,False
GHA,Ghana,13236,11865,0,1371,97th,13236,4080.0,,,,,,28656723,69.7,108th,,,,,,,,,,,,697992,113th,"[{u'organization_name': u'European Commission's Humanitarian Aid and Civil Protection Department', u'totalFunding': 316633}, {u'organization_name': u'Not specified', u'totalFunding': 267026}, {u'organization_name': u'Saudi Arabia (Kingdom of), Government of', u'totalFunding': 88333}, {u'organization_name': u'United Nations Population Fund', u'totalFunding': 26000}]",,,,,15541,11546,27087,0.461881143912,0.113206162723,False
GIB,Gibraltar,,,,,,,,,,,,,32472,,,,,,,,,,,,,,,,,,,,,1,0,1,,,False
GIN,Guinea,5176,5068,0,108,119th,5176,1120.0,,,,,,13290659,102.4,12th,,,,,,,,,,,,14982638,64th,"[{u'organization_name': u'Japan, Government of', u'totalFunding': 6838961}, {u'organization_name': u'Central Emergency Response Fund', u'totalFunding': 2971319}, {u'organization_name': u'European Commission's Humanitarian Aid and Civil Protection Department', u'totalFunding': 2258195}, {u'organization_name': u'United Nations Development Programme', u'totalFunding': 1000000}, {u'organization_name': u'Sweden, Government of', u'totalFunding': 700000}]",,,,,17548,24397,41945,0.38944645258,0.347720046946,False
GLP,Guadeloupe,,,,,,,,,,,,,472462,,,,,,,,,,,,,,,,,,,,,0,0,0,,,False
GMB,Gambia,7940,7940,0,0,111th,7940,,,,,,,2120418,89.4,37th,,,,,,,,,,,,2609392,88th,"[{u'organization_name': u'Japan, Government of', u'totalFunding': 1279654}, {u'organization_name': u'United Arab Emirates, Government of', u'totalFunding': 500000}, {u'organization_name': u'World Food Programme', u'totalFunding': 440225}, {u'organization_name': u'Start Fund', u'totalFunding': 196592}, {u'organization_name': u'Saudi Arabia (Kingdom of), Government of', u'totalFunding': 88333}]",,,,,11600,18907,30507,3.74454470769,,False
GNB,Guinea-Bissau,9295,9263,0,32,103rd,9295,1450.0,,,,,,1932871,99.5,16th,,,,,,,,,,,,1426907,101st,"[{u'organization_name': u'Japan, Government of', u'totalFunding': 1279654}, {u'organization_name': u'Not specified', u'totalFunding': 147253}]",,,,,1653,1882,3535,4.80890861315,3.31648869872,False
GNQ,Equatorial Guinea,0,0,0,0,185th,0,27200.0,,,,,,894464,85.0,51st,,,,,,,,,,,,,,,,,,,142,105,247,0.0,0.0,False
GRC,Greece,86611,46427,0,39986,60th,86413,26530.0,,,,,,10892931,57.5,127th,,,,,,,,,,,,451440633,16th,"[{u'organization_name': u'European Commission's Humanitarian Aid and Civil Protection Department', u'totalFunding': 215545916}, {u'organization_name': u'European Commission', u'totalFunding': 131326625}, {u'organization_name': u'Private (individuals & organizations)', u'totalFunding': 50320589}, {u'organization_name': u'United Kingdom, Government of', u'totalFunding': 23163645}, {u'organization_name': u'Not specified', u'totalFunding': 6940989}]",The refugees' grandmother in Idomeni,UNHCR,92-year old Greek woman opening her home to refugees transiting in Idomeni,https://www.youtube.com/watch?v=Hb_Hdjy4CVw,105,86,191,7.95111985929,0.299702972457,False
GRD,Grenada,1,1,0,0,182nd,1,13090.0,,,,,,107850,61.5,123rd,,,,,,,,,,,,,,,,,,,101,65,166,0.00927213722763,0.000708337450545,False
GRL,Greenland,,,,,,,,,,,,,56239,,,,,,,,,,,,,,,,,,,,,,,,,,False
GTM,Guatemala,24202,300,0,2,84th,302,7530.0,,,,,,17005497,83.1,57th,,,,,,,,,,,,19862247,58th,"[{u'organization_name': u'European Commission's Humanitarian Aid and Civil Protection Department', u'totalFunding': 6683294}, {u'organization_name': u'United States of America, Government of', u'totalFunding': 5102201}, {u'organization_name': u'Central Emergency Response Fund', u'totalFunding': 4829690}, {u'organization_name': u'World Food Programme', u'totalFunding': 2009205}, {u'organization_name': u'Canada, Government of', u'totalFunding': 830179}]",,,,,12554,46227,58781,1.42318686716,0.189002239995,False
GUF,French Guiana,,,,,,,,,,,,,282761,,,,,,,,,,,,,,,,,,,,,1,0,1,,,False
GUM,Guam,,,,,,,,,,,,,174214,,,,,,,,,,,,,,,,,,,,,,,,,,False
GUY,Guyana,11,11,0,0,167th,11,7540.0,,,,,,774407,71.3,100th,,,,,,,,,,,,,,,,,,,272,300,572,0.0142044170572,0.00188387494127,False
HIC,,,,,,,,46131.502275,,,,,,,,,,,,,,,,,,,,,,,,,,,,,,,,False
HKG,"China, Hong Kong Special Administrative Region",110,110,0,0,157th,110,57860.0,,,,,,7401941,,,,,,,,,,,,,,,,,,,,,12,112,124,0.0148609668734,0.000256843533934,False
HMD,Heard Island and McDonald Islands,,,,,,,,,,,,,,,,,,,,,,,,,,,,,,,,,,,,,,,False
HND,Honduras,178826,16,174000,10,47th,26,4750.0,,,,,,8304677,79.1,68th,,,,,,,,,,,,7847700,73rd,"[{u'organization_name': u'Central Emergency Response Fund', u'totalFunding': 2187908}, {u'organization_name': u'World Food Programme', u'totalFunding': 1996226}, {u'organization_name': u'European Commission's Humanitarian Aid and Civil Protection Department', u'totalFunding': 1744052}, {u'organization_name': u'Canada, Government of', u'totalFunding': 1123596}, {u'organization_name': u'Saudi Arabia (Kingdom of), Government of', u'totalFunding': 672058}]",,,,,10507,35203,45710,21.5331673947,4.53329839889,False
HPC,,,,,,,,2110.29562174,,,,,,,,,,,,,,,,,,,,,,,,,,,,,,,,False
HRV,Croatia,18296,304,0,557,91st,861,22380.0,,,,,,4209815,50.6,138th,,,,,,,,,,,,1075614,105th,"[{u'organization_name': u'Council of Europe Development Bank', u'totalFunding': 866365}, {u'organization_name': u'European Commission', u'totalFunding': 144270}, {u'organization_name': u'Denmark, Government of', u'totalFunding': 49597}, {u'organization_name': u'Private (individuals & organizations)', u'totalFunding': 15382}]",,,,,26230,350,26580,4.34603420815,0.194192770695,False
HTI,Haiti,2312,5,0,5,131st,10,1760.0,56934126,291459691,234525565,0.195341337955,2017-08-01,10983274,105.3,11th,2700000.0,1800000.0,300000.0,1500000.0,854000.0,https://www.humanitarianresponse.info/system/files/documents/files/haiti_hno_2017.pdf,800000.0,1400000.0,Humanitarian Needs Overview,Albania,2889170.0,231845834,21st,"[{u'organization_name': u'United States of America, Government of', u'totalFunding': 93510375}, {u'organization_name': u'Canada, Government of', u'totalFunding': 22286236}, {u'organization_name': u'European Commission's Humanitarian Aid and Civil Protection Department', u'totalFunding': 18492404}, {u'organization_name': u'Germany, Government of', u'totalFunding': 14190644}, {u'organization_name': u'Central Emergency Response Fund', u'totalFunding': 11651224}]","Hidden lives, the untold story of urban refugees",Hidden Lives,The stories of Haitians displaced by the 2010 heartquake,http://www.hidden-lives.org.uk/countries/Haiti/index.asp,29684,22459,52143,0.210501895883,0.119603349933,True
HUN,Hungary,8296,4748,0,3413,108th,8161,25240.0,,,,,,9787905,52.0,135th,,,,,,,,,,,,,,,,,,,2909,1663,4572,0.847576677542,0.0335806924541,False
IBD,,,,,,,,12256.6571445,,,,,,,,,,,,,,,,,,,,,,,,,,,,,,,,False
IBT,,,,,,,,9963.81694556,,,,,,,,,,,,,,,,,,,,,,,,,,,,,,,,False
IDA,,,,,,,,3754.61391846,,,,,,,,,,,,,,,,,,,,,,,,,,,,,,,,False
IDB,,,,,,,,5652.82510912,,,,,,,,,,,,,,,,,,,,,,,,,,,,,,,,False
IDN,Indonesia,14405,7827,0,6578,95th,14405,10700.0,,,,,,263510146,72.9,94th,,,,,,,,,,,,19847507,59th,"[{u'organization_name': u'United States of America, Government of', u'totalFunding': 14726615}, {u'organization_name': u'Germany, Government of', u'totalFunding': 3121232}, {u'organization_name': u'Australia, Government of', u'totalFunding': 1032753}, {u'organization_name': u'Start Fund', u'totalFunding': 714191}, {u'organization_name': u'Sweden, Government of', u'totalFunding': 244888}]",,,,,13064,3586,16650,0.0546658267951,0.00510895577525,False
IDX,,,,,,,,2694.48191315,,,,,,,,,,,,,,,,,,,,,,,,,,,,,,,,False
IMN,Isle of Man,,,,,,,,,,,,,89045,,,,,,,,,,,,,,,,,,,,,,,,,,False
IND,India,207070,197851,0,9219,46th,207070,6030.0,,,,,,1342512706,77.9,72nd,,,,,,,,,,,,20054770,57th,"[{u'organization_name': u'Education Above All Foundation', u'totalFunding': 14045169}, {u'organization_name': u'United States of America, Government of', u'totalFunding': 3045000}, {u'organization_name': u'European Commission's Humanitarian Aid and Civil Protection Department', u'totalFunding': 901341}, {u'organization_name': u'Start Fund', u'totalFunding': 700631}, {u'organization_name': u'Hong Kong Special Administrative Region of the People's Republic of China, Government of', u'totalFunding': 499865}]",,,,,7291,27782,35073,0.154240625861,0.0255788765939,False
IOT,British Indian Ocean Territory,,,,,,,,,,,,,,,,,,,,,,,,,,,,,,,,,,,,,,,False
IRL,Ireland,10152,5731,0,4322,99th,10053,54610.0,,,,,,4749153,22.3,172nd,,,,,,,,,,,,,,,,,,,5,41,46,2.13764433363,0.0391438259226,False
IRN,Iran (Islamic Republic of),979537,979435,0,91,18th,979526,,,,,,,80945718,85.8,49th,,,,,,,,,,,,25526536,52nd,"[{u'organization_name': u'European Commission's Humanitarian Aid and Civil Protection Department', u'totalFunding': 15207786}, {u'organization_name': u'Germany, Government of', u'totalFunding': 5665082}, {u'organization_name': u'Denmark, Government of', u'totalFunding': 1590892}, {u'organization_name': u'Norway, Government of', u'totalFunding': 1512034}, {u'organization_name': u'Sweden, Government of', u'totalFunding': 939408}]",,,,,94094,87491,181585,12.101158952,,False
IRQ,Iraq,5326166,261888,3604285,11458,3rd,273346,15340.0,455278433,984647064,529368631,0.462377281816,2017-08-01,38654287,105.4,10th,11000000.0,9700000.0,3700000.0,3200000.0,8700000.0,https://www.humanitarianresponse.info/system/files/documents/files/irq_2017_hno.pdf,3900000.0,6300000.0,Humanitarian Needs Overview,"Paris, France",10925000.0,1913285211,3rd,"[{u'organization_name': u'Germany, Government of', u'totalFunding': 548977783}, {u'organization_name': u'United States of America, Government of', u'totalFunding': 538402186}, {u'organization_name': u'European Commission's Humanitarian Aid and Civil Protection Department', u'totalFunding': 156146451}, {u'organization_name': u'United Kingdom, Government of', u'totalFunding': 122927534}, {u'organization_name': u'United Arab Emirates, Government of', u'totalFunding': 57891480}]",An old conflict causes new wounds in Iraq,UNHCR,Displaced young Iraqi loses his foot after stepping over a landmine,http://www.unhcr.org/news/stories/2015/8/56ec1ea0f/old-conflict-causes-new-wounds-iraq.html,316030,278329,594359,137.789787715,8.98238511831,True
ISL,Iceland,471,179,0,161,148th,340,47160.0,,,,,,334303,22.5,171st,,,,,,,,,,,,,,,,,,,0,3,3,1.40890150552,0.0298749259016,False
ISR,Israel,44665,32946,0,11677,74th,44623,36040.0,,,,,,8323248,78.9,69th,,,,,,,,,,,,822368,107th,"[{u'organization_name': u'Luxembourg, Government of', u'totalFunding': 822368}]",,,,,495,550,1045,5.36629450426,0.148898293681,False
ITA,Italy,247992,147370,0,99921,42nd,247291,37030.0,,,,,,59797978,45.2,142nd,,,,,,,,,,,,34014,133rd,"[{u'organization_name': u'Monaco, Government of', u'totalFunding': 34014}]",4stelleHotel,4StelleHotel,Experience a day in the life of migrants in Italy,http://www.4stellehotel.it,51,145,196,4.14716363821,0.111994697224,False
JAM,Jamaica,24,15,0,9,165th,24,8680.0,,,,,,2813285,65.2,117th,,,,,,,,,,,,108155,125th,"[{u'organization_name': u'United States of America, Government of', u'totalFunding': 100000}, {u'organization_name': u'Sweden, Government of', u'totalFunding': 8155}]",,,,,2005,1144,3149,0.00853095224977,0.000982828600204,False
JEY,Jersey,,,,,,,,,,,,,,,,,,,,,,,,,,,,,,,,,,,,,,,False
JOR,Jordan,720812,685197,0,35615,21st,720812,10760.0,,,,,,7876703,78.7,71st,,,,,,,,,,,,901390458,8th,"[{u'organization_name': u'United States of America, Government of', u'totalFunding': 148184550}, {u'organization_name': u'World Food Programme', u'totalFunding': 147922300}, {u'organization_name': u'United Arab Emirates, Government of', u'totalFunding': 86087553}, {u'organization_name': u'Germany, Government of', u'totalFunding': 71996729}, {u'organization_name': u'European Commission's Humanitarian Aid and Civil Protection Department', u'totalFunding': 67201527}]",,,,,1933,2438,4371,91.5118927297,8.5048227444,False
JPN,Japan,21941,2514,0,18801,85th,21315,42310.0,,,,,,126045211,37.4,156th,,,,,,,,,,,,,,,,,,,59,81,140,0.174072460397,0.00411421556126,False
KAZ,Kazakhstan,9241,653,0,137,104th,790,23480.0,,,,,,18064470,65.9,113th,,,,,,,,,,,,4294504,81st,"[{u'organization_name': u'Saudi Arabia (Kingdom of), Government of', u'totalFunding': 3400000}, {u'organization_name': u'European Commission's Humanitarian Aid and Civil Protection Department', u'totalFunding': 877193}, {u'organization_name': u'Poland, Government of', u'totalFunding': 17311}]",,,,,2364,2237,4601,0.511556663439,0.0217869107087,False
KEN,Kenya,514867,451099,0,43764,28th,494863,3070.0,43824233,165767183,121942950,0.264372188794,2017-08-01,48466928,96.4,22nd,2600000.0,2900000.0,1200000.0,2600000.0,175655.0,http://reliefweb.int/sites/reliefweb.int/files/resources/Kenyan_Flash_%20Appeal_15%20March%202017%20final.pdf,,3000000.0,Flash Appeal,"Dubai, United Arab Emirates",2504000.0,209677010,23rd,"[{u'organization_name': u'United States of America, Government of', u'totalFunding': 135683340}, {u'organization_name': u'European Commission's Humanitarian Aid and Civil Protection Department', u'totalFunding': 22860219}, {u'organization_name': u'Germany, Government of', u'totalFunding': 12537661}, {u'organization_name': u'Canada, Government of', u'totalFunding': 9155770}, {u'organization_name': u'Central Emergency Response Fund', u'totalFunding': 4961689}]",Human,Youtube,"A documentary collecting the life-stories of 2,000 men and women from 60 countries, realised by filmmaker Yann-Arthus Bertrand; here a collection of stories from Dadaab",https://www.youtube.com/watch?v=VSlmFDqncxc,7535,3550,11085,10.6230582636,3.46027956468,True
KGZ,Kyrgyzstan,2793,339,0,120,128th,459,3310.0,,,,,,6124945,80.3,65th,,,,,,,,,,,,1967870,94th,"[{u'organization_name': u'Saudi Arabia (Kingdom of), Government of', u'totalFunding': 805509}, {u'organization_name': u'Japan, Government of', u'totalFunding': 500000}, {u'organization_name': u'European Commission's Humanitarian Aid and Civil Protection Department', u'totalFunding': 339751}, {u'organization_name': u'Kazakhstan, Government of', u'totalFunding': 308910}, {u'organization_name': u'Qatar, Government of', u'totalFunding': 13700}]",,,,,2573,2370,4943,0.456004094731,0.137765587532,False
KHM,Cambodia,243,66,0,177,152nd,243,3300.0,,,,,,16076370,85.7,50th,,,,,,,,,,,,11601730,67th,"[{u'organization_name': u'Germany, Government of', u'totalFunding': 5530973}, {u'organization_name': u'United States of America, Government of', u'totalFunding': 2643156}, {u'organization_name': u'Japan, Government of', u'totalFunding': 2141119}, {u'organization_name': u'European Commission's Humanitarian Aid and Civil Protection Department', u'totalFunding': 1247164}, {u'organization_name': u'UNICEF National Committee/United Kingdom', u'totalFunding': 39318}]",,,,,12429,383,12812,0.0151153525329,0.00458040985847,False
KIR,Kiribati,,,,,,,4230.0,,,,,,116405,,,,,,,,,,,,,,,,,,,,,1,0,1,,,False
KNA,Saint Kitts and Nevis,0,0,0,0,185th,0,24370.0,,,,,,56780,,,,,,,,,,,,,,,,,,,,,49,23,72,0.0,0.0,False
KOR,Republic of Korea,8865,1807,0,6861,105th,8668,34810.0,,,,,,50704971,38.1,154th,,,,,,,,,,,,379529,118th,"[{u'organization_name': u'United States of America, Government of', u'totalFunding': 379529}]",,,,,250,276,526,0.174834928907,0.00502254894877,False
KWT,Kuwait,94762,939,0,823,59th,1762,84360.0,,,,,,4099932,58.5,126th,,,,,,,,,,,,,,,,,,,1021,654,1675,23.1130662655,0.273981345015,False
LAC,,,,,,,,14631.9243048,,,,,,,,,,,,,,,,,,,,,,,,,,,,,,,,False
LAO,Lao People's Democratic Republic,0,0,0,0,185th,0,5400.0,,,,,,7037521,82.4,59th,,,,,,,,,,,,2157051,93rd,"[{u'organization_name': u'European Commission's Humanitarian Aid and Civil Protection Department', u'totalFunding': 1813031}, {u'organization_name': u'Central Emergency Response Fund', u'totalFunding': 328811}, {u'organization_name': u'Canada, Government of', u'totalFunding': 15209}]",,,,,7232,170,7402,0.0,0.0,False
LBN,Lebanon,1031303,1012969,0,13745,17th,1026714,13750.0,,,,,,6039277,88.2,43rd,,,,,,,,,,,,1285763631,7th,"[{u'organization_name': u'United States of America, Government of', u'totalFunding': 268207245}, {u'organization_name': u'Germany, Government of', u'totalFunding': 218956450}, {u'organization_name': u'World Food Programme', u'totalFunding': 160636367}, {u'organization_name': u'European Commission', u'totalFunding': 101023343}, {u'organization_name': u'United Kingdom, Government of', u'totalFunding': 93356397}]",,,,,4740,8490,13230,170.765970827,12.4193433329,False
LBR,Liberia,20486,18990,0,17,88th,19007,720.0,,,,,,4730437,93.8,27th,,,,,,,,,,,,18409803,61st,"[{u'organization_name': u'United States of America, Government of', u'totalFunding': 10374233}, {u'organization_name': u'Japan, Government of', u'totalFunding': 3242437}, {u'organization_name': u'Denmark, Government of', u'totalFunding': 2081718}, {u'organization_name': u'Sweden, Government of', u'totalFunding': 1664677}, {u'organization_name': u'United Nations Development Programme', u'totalFunding': 755336}]",,,,,6573,2626,9199,4.33067811705,6.01483071813,False
LBY,Libya,662897,9310,174510,29237,23rd,38547,,42891150,151013476,108122326,0.28402200344,2017-08-01,6408742,96.3,23rd,1300000.0,1300000.0,300000.0,400000.0,1300000.0,https://www.humanitarianresponse.info/system/files/documents/files/2017_libya_humanitarian_needs_overview_november_2016_1.pdf,600000.0,500000.0,Humanitarian Needs Overview,Estonia,1314610.0,104960278,31st,"[{u'organization_name': u'Germany, Government of', u'totalFunding': 14332319}, {u'organization_name': u'Central Emergency Response Fund', u'totalFunding': 11439024}, {u'organization_name': u'European Commission's Humanitarian Aid and Civil Protection Department', u'totalFunding': 10927141}, {u'organization_name': u'United States of America, Government of', u'totalFunding': 10050311}, {u'organization_name': u'Qatar, Government of', u'totalFunding': 9683819}]",Photographing Libya's slaves,Thomson Reuters Foundations News,Award-winner photojournalist Narciso Contreras presents his work documenting Libyan slave market,http://news.trust.org/slideshow/?id=9bf9a664-542b-4fb1-bd8c-a6a7b107c300,8836,6516,15352,103.436368635,,True
LCA,Saint Lucia,3,2,0,1,177th,3,10780.0,,,,,,187768,,,,,,,,,,,,,,,,,,,,,994,199,1193,0.0159771633079,0.00148211162411,False
LCN,,,,,,,,15042.367083,,,,,,,,,,,,,,,,,,,,,,,,,,,,,,,,False
LDC,,,,,,,,2503.28750541,,,,,,,,,,,,,,,,,,,,,,,,,,,,,,,,False
LIC,,,,,,,,1602.12942327,,,,,,,,,,,,,,,,,,,,,,,,,,,,,,,,False
LIE,Liechtenstein,242,163,0,79,153rd,242,,,,,,,38022,,,,,,,,,,,,,,,,,,,,,0,0,0,6.36473620535,,False
LKA,Sri Lanka,54409,604,39730,576,71st,1180,11500.0,,,,,,20905335,86.6,47th,,,,,,,,,,,,13761766,65th,"[{u'organization_name': u'Central Emergency Response Fund', u'totalFunding': 4320087}, {u'organization_name': u'Japan, Government of', u'totalFunding': 2238443}, {u'organization_name': u'United States of America, Government of', u'totalFunding': 1397550}, {u'organization_name': u'Norway, Government of', u'totalFunding': 1180080}, {u'organization_name': u'Germany, Government of', u'totalFunding': 1108221}]",,,,,117479,15198,132677,2.60263707805,0.226316267656,False
LMC,,,,,,,,6408.66470776,,,,,,,,,,,,,,,,,,,,,,,,,,,,,,,,False
LMY,,,,,,,,9797.29636829,,,,,,,,,,,,,,,,,,,,,,,,,,,,,,,,False
LSO,Lesotho,48,45,0,3,159th,48,3290.0,,,,,,2185159,81.7,62nd,,,,,,,,,,,,27942430,47th,"[{u'organization_name': u'United States of America, Government of', u'totalFunding': 11608388}, {u'organization_name': u'European Commission's Humanitarian Aid and Civil Protection Department', u'totalFunding': 6057475}, {u'organization_name': u'Central Emergency Response Fund', u'totalFunding': 4782918}, {u'organization_name': u'United Nations Development Programme', u'totalFunding': 1875328}, {u'organization_name': u'Canada, Government of', u'totalFunding': 1397616}]",,,,,12,698,710,0.021966364919,0.0066767066623,False
LTE,,,,,,,,15687.057189,,,,,,,,,,,,,,,,,,,,,,,,,,,,,,,,False
LTU,Lithuania,4641,1093,0,82,121st,1175,27570.0,,,,,,2830582,41.7,148th,,,,,,,,,,,,,,,,,,,73,79,152,1.63959214041,0.0594701538054,False
LUX,Luxembourg,4342,2046,0,2213,122nd,4259,72080.0,,,,,,584103,23.4,168th,,,,,,,,,,,,,,,,,,,2,0,2,7.43362044023,0.103130139293,False
LVA,Latvia,243233,349,0,148,43rd,497,24840.0,,,,,,1944565,46.4,141st,,,,,,,,,,,,,,,,,,,172,98,270,125.083501966,5.03556771199,False
MAC,"China, Macao Special Administrative Region",5,0,0,5,170th,5,102480.0,,,,,,606384,,,,,,,,,,,,,,,,,,,,,4,1,5,0.00824560014776,8.04605791155e-05,False
MAF,Saint Martin (French Part),,,,,,,,,,,,,,,,,,,,,,,,,,,,,,,,,,,,,,,False
MAR,Morocco,6733,4771,0,1962,114th,6733,7690.0,,,,,,35241418,74.9,84th,,,,,,,,,,,,1725731,98th,"[{u'organization_name': u'Switzerland, Government of', u'totalFunding': 1721927}, {u'organization_name': u'Qatar, Government of', u'totalFunding': 3804}]",,,,,2262,7202,9464,0.191053606299,0.0248444221455,False
MCO,Monaco,32,32,0,0,162nd,32,,,,,,,38010,,,,,,,,,,,,,,,,,,,,,3,1,4,0.841883714812,,False
MDA,Republic of Moldova,5293,432,0,85,118th,517,5400.0,,,,,,4054640,72.0,98th,,,,,,,,,,,,,,,,,,,2318,4092,6410,1.30541799025,0.241744072269,False
MDG,Madagascar,55,28,0,27,158th,55,1410.0,7529912,20067549,12537637,0.375228285228,2017-08-01,25612972,84.0,55th,433985.0,250000.0,100000.0,,,http://reliefweb.int/sites/reliefweb.int/files/resources/2017_Flash_Appeal_MG_eng.002.002.pdf,55000.0,168000.0,Flash Appeal,Malta,431870.0,62936935,36th,"[{u'organization_name': u'United States of America, Government of', u'totalFunding': 31731818}, {u'organization_name': u'European Commission's Humanitarian Aid and Civil Protection Department', u'totalFunding': 6571037}, {u'organization_name': u'Central Emergency Response Fund', u'totalFunding': 5988888}, {u'organization_name': u'Switzerland, Government of', u'totalFunding': 3141684}, {u'organization_name': u'Germany, Government of', u'totalFunding': 2653928}]",,,,,297,54,351,0.0021473493978,0.00152294283532,True
MDV,Maldives,,,,,,,11480.0,,,,,,375867,74.4,86th,,,,,,,,,,,,88333,127th,"[{u'organization_name': u'Saudi Arabia (Kingdom of), Government of', u'totalFunding': 88333}]",,,,,57,39,96,,,False
MEA,,,,,,,,18846.5171905,,,,,,,,,,,,,,,,,,,,,,,,,,,,,,,,False
MEX,Mexico,8862,6202,0,2647,106th,8849,16860.0,,,,,,130222815,74.3,88th,,,,,,,,,,,,,,,,,,,10385,64269,74654,0.0680525912452,0.00403633400031,False
MHL,Marshall Islands,,,,,,,5430.0,,,,,,53132,,,,,,,,,,,,,,2846987,86th,"[{u'organization_name': u'United States of America, Government of', u'totalFunding': 2651035}, {u'organization_name': u'Australia, Government of', u'totalFunding': 143781}, {u'organization_name': u'New Zealand, Government of', u'totalFunding': 52171}]",,,,,3,0,3,,,False
MIC,,,,,,,,10746.0862247,,,,,,,,,,,,,,,,,,,,,,,,,,,,,,,,False
MKD,The former Yugoslav Republic of Macedonia,1258,637,0,21,137th,658,13730.0,,,,,,2083308,66.1,112th,,,,,,,,,,,,40719108,42nd,"[{u'organization_name': u'European Commission', u'totalFunding': 17250019}, {u'organization_name': u'Private (individuals & organizations)', u'totalFunding': 9409401}, {u'organization_name': u'Japan, Government of', u'totalFunding': 3669444}, {u'organization_name': u'Germany, Government of', u'totalFunding': 2704651}, {u'organization_name': u'Council of Europe Development Bank', u'totalFunding': 2674814}]",,,,,1738,6898,8636,0.603847342784,0.0439801414992,False
MLI,Mali,100247,17512,36690,301,57th,17813,1970.0,74182435,293098319,218915884,0.253097442705,2017-08-01,18689966,92.9,31st,3700000.0,1370000.0,220000.0,3530000.0,590000.0,https://drive.google.com/file/d/0B-omYVl2EUDiWWpSWGJpaHU1NGs/view,320000.0,1200000.0,Humanitarian Needs Overview,"Rome, Italy",3738000.0,205354473,24th,"[{u'organization_name': u'United States of America, Government of', u'totalFunding': 53535189}, {u'organization_name': u'European Commission's Humanitarian Aid and Civil Protection Department', u'totalFunding': 30910775}, {u'organization_name': u'Germany, Government of', u'totalFunding': 17575392}, {u'organization_name': u'ECHO DFID contribution', u'totalFunding': 16967534}, {u'organization_name': u'Canada, Government of', u'totalFunding': 16567167}]","3 Years After French Intervention In Mali, Refugees Still Afraid To Go Home",Huffington Post,"Three years after the French intervention in northern Mali, thousands of refugees in neighboring Burkina Faso are still afraid to go home. Mali’s conflict may be over, but its border areas remain deeply unstable, with jihadist militant groups still believed to be operating.",http://www.huffingtonpost.com/entry/malian-refugees-in-burkina-faso_us_5717df6fe4b0c9244a7ab822,156428,9708,166136,5.36368016935,2.72268028901,True
MLT,Malta,8850,7948,0,902,107th,8850,33170.0,,,,,,420521,38.6,153rd,,,,,,,,,,,,254582,122nd,"[{u'organization_name': u'Switzerland, Government of', u'totalFunding': 254582}]",,,,,0,1,1,21.0453223501,0.63446856648,False
MMR,Myanmar,1302375,0,375016,0,14th,0,4930.0,66137455,150300000,84162545,0.440036294079,2017-08-01,54836483,95.7,35th,525448.0,474000.0,141000.0,383500.0,244000.0,http://reliefweb.int/sites/reliefweb.int/files/resources/Ref_Doc_Humanitarian_Needs_Overview_HCT_2017.pdf,217500.0,356000.0,Humanitarian Needs Overview,Luxembourg,569600.0,191806388,26th,"[{u'organization_name': u'United States of America, Government of', u'totalFunding': 30519873}, {u'organization_name': u'Japan, Government of', u'totalFunding': 28656536}, {u'organization_name': u'Germany, Government of', u'totalFunding': 23555831}, {u'organization_name': u'United Kingdom, Government of', u'totalFunding': 20371070}, {u'organization_name': u'European Commission's Humanitarian Aid and Civil Protection Department', u'totalFunding': 17481595}]",Rohingya refugee from Myanmar: 'They cut the bodies into four pieces',UPI,Hasina Begum is still reeling from the stomach-churning scenes that she witnessed before she fled her home.,http://www.upi.com/Top_News/Voices/2017/02/09/Rohingya-refugee-from-Myanmar-They-cut-the-bodies-into-four-pieces/5221486585428/,490289,55976,546265,23.7501555306,4.81747576685,True
MNE,Montenegro,15744,974,0,82,94th,1056,16460.0,,,,,,626250,55.7,130th,,,,,,,,,,,,,,,,,,,718,1130,1848,25.1401197605,1.52734627949,False
MNG,Mongolia,27,8,0,3,164th,11,11220.0,,,,,,3051900,56.7,128th,,,,,,,,,,,,8087671,72nd,"[{u'organization_name': u'United States of America, Government of', u'totalFunding': 3735224}, {u'organization_name': u'Central Emergency Response Fund', u'totalFunding': 2442974}, {u'organization_name': u'European Commission's Humanitarian Aid and Civil Protection Department', u'totalFunding': 1008449}, {u'organization_name': u'Sweden, Government of', u'totalFunding': 352726}, {u'organization_name': u'Start Fund', u'totalFunding': 280758}]",,,,,2285,3816,6101,0.00884694780301,0.000788498021658,False
MNP,Northern Mariana Islands,,,,,,,,,,,,,55567,,,,,,,,,,,,,,,,,,,,,,,,,,False
MOZ,Mozambique,38534,4671,15128,12980,75th,17651,1170.0,2904239,10246400,7342161,0.283439939881,2017-08-01,29537914,89.0,40th,550691.0,150000.0,160000.0,89000.0,,http://reliefweb.int/sites/reliefweb.int/files/resources/Mozambique%20Flash%20Appeal_FINAL.pdf,,,Flash Appeal,Luxembourg,569600.0,75299913,33rd,"[{u'organization_name': u'United States of America, Government of', u'totalFunding': 38890397}, {u'organization_name': u'Germany, Government of', u'totalFunding': 15367187}, {u'organization_name': u'European Commission's Humanitarian Aid and Civil Protection Department', u'totalFunding': 6852739}, {u'organization_name': u'Central Emergency Response Fund', u'totalFunding': 4679803}, {u'organization_name': u'United Kingdom, Government of', u'totalFunding': 3240572}]",,,,,50,5712,5762,1.30456064027,1.11500909425,True
MRT,Mauritania,74735,74148,0,587,63rd,74735,,25960989,74500000,48539011,0.348469651007,2017-08-01,4266448,93.7,28th,539000.0,203000.0,,493000.0,371000.0,https://www.humanitarianresponse.info/system/files/documents/files/hwp_2017_mauritania_0.pdf,,615000.0,Integrated Humanitarian and Development Action Plan ,Luxembourg,569600.0,37509447,44th,"[{u'organization_name': u'ECHO DFID contribution', u'totalFunding': 8691545}, {u'organization_name': u'Japan, Government of', u'totalFunding': 7800000}, {u'organization_name': u'European Commission's Humanitarian Aid and Civil Protection Department', u'totalFunding': 6012028}, {u'organization_name': u'United States of America, Government of', u'totalFunding': 3765655}, {u'organization_name': u'Saudi Arabia (Kingdom of), Government of', u'totalFunding': 3280257}]",From violence in Mali to a safe haven in Mauritania,European Commission,"The world is grappling with a growing number of people forced to flee their homes to escape conflict and violence. Today, more than 65 million people are displaced worldwide. Some have been living away from their homes for longer than five years. In response to this escalating global crisis, the European Commission supports humanitarian projects to assist displaced populations worldwide.",http://ec.europa.eu/echo/blog/violence-mali-safe-haven-mauritania_en,36266,7393,43659,17.5169133668,,True
MSR,Montserrat,0,0,0,0,185th,0,,,,,,,5179,,,,,,,,,,,,,,,,,,,,,,,,0.0,,False
MTQ,Martinique,,,,,,,,,,,,,396071,,,,,,,,,,,,,,,,,,,,,,,,,,False
MUS,Mauritius,5,0,0,5,170th,5,19940.0,,,,,,1281353,41.7,148th,,,,,,,,,,,,,,,,,,,111,203,314,0.00390212533158,0.000195693346619,False
MWI,Malawi,30415,9392,0,21023,79th,30415,1140.0,,,,,,18298679,88.0,44th,,,,,,,,,,,,158670634,28th,"[{u'organization_name': u'United States of America, Government of', u'totalFunding': 105765983}, {u'organization_name': u'European Commission's Humanitarian Aid and Civil Protection Department', u'totalFunding': 17810067}, {u'organization_name': u'Germany, Government of', u'totalFunding': 9223537}, {u'organization_name': u'Canada, Government of', u'totalFunding': 7119206}, {u'organization_name': u'Sweden, Government of', u'totalFunding': 3704164}]",,,,,427,3752,4179,1.66214184095,1.45801915873,False
MYS,Malaysia,239505,92263,0,56311,44th,148574,26190.0,,,,,,31164177,65.4,116th,,,,,,,,,,,,575110,116th,"[{u'organization_name': u'United States of America, Government of', u'totalFunding': 575110}]",,,,,456,6165,6621,7.68526632357,0.293442776769,False
MYT,Mayotte,,,,,,,,,,,,,253068,,,,,,,,,,,,,,,,,,,,,,,,,,False
NAC,,,,,,,,56178.1737562,,,,,,,,,,,,,,,,,,,,,,,,,,,,,,,,False
NAM,Namibia,3490,1757,0,1675,124th,3432,10380.0,,,,,,2568569,70.4,103rd,,,,,,,,,,,,1000000,106th,"[{u'organization_name': u'United States of America, Government of', u'totalFunding': 1000000}]",,,,,1366,141,1507,1.35873320904,0.130899153086,False
NCL,New Caledonia,,,,,,,,,,,,,269736,,,,,,,,,,,,,,,,,,,,,,,,,,False
NER,Niger,302227,166093,121391,65,37th,166158,950.0,171192437,271346996,100154559,0.630898589347,2017-08-01,21563607,97.4,20th,1927593.0,800000.0,200000.0,1300000.0,200000.0,https://drive.google.com/file/d/0B-omYVl2EUDiMW0yWXNtMXF5TTQ/view,400000.0,1200000.0,Humanitarian Needs Overview,Latvia,1977530.0,197603317,25th,"[{u'organization_name': u'United States of America, Government of', u'totalFunding': 38420799}, {u'organization_name': u'ECHO DFID contribution', u'totalFunding': 28056816}, {u'organization_name': u'Germany, Government of', u'totalFunding': 20449665}, {u'organization_name': u'European Commission's Humanitarian Aid and Civil Protection Department', u'totalFunding': 16628391}, {u'organization_name': u'European Commission', u'totalFunding': 12635418}]",What we share,UNOCHA,Families in Niger helping out displaced Nigerians,https://unocha.raisely.com/whatweshare,1235,861,2096,14.0156050887,14.7532685144,True
NFK,Norfolk Island,,,,,,,,,,,,,,,,,,,,,,,,,,,,,,,,,,1,0,1,,,False
NGA,Nigeria,2911012,1367,2219272,467,7th,1834,5810.0,456917548,1054431494,597513946,0.433330710056,2017-08-01,191835936,101.6,13th,14000000.0,12400000.0,2966802.0,5800000.0,6700000.0,https://drive.google.com/file/d/0B-omYVl2EUDiZEVJdXZyRl9oVG8/view,2400000.0,3800000.0,Humanitarian Needs Overview,"Istanbul, Turkey",14365000.0,468236986,15th,"[{u'organization_name': u'United States of America, Government of', u'totalFunding': 124697682}, {u'organization_name': u'United Kingdom, Government of', u'totalFunding': 95908926}, {u'organization_name': u'Germany, Government of', u'totalFunding': 62608760}, {u'organization_name': u'European Commission's Humanitarian Aid and Civil Protection Department', u'totalFunding': 49970409}, {u'organization_name': u'Central Emergency Response Fund', u'totalFunding': 24183770}]","After fleeing Boko Haram, a Nigerian mid-wife helps pregnant girls in Niger",UNHCR ,Nigerian mid-wife becomes role model in refugee camp in Niger,http://kora.unhcr.org/fleeing-boko-haram-nigerian-mid-wife-helps-pregnant-girls-niger/,229311,66357,295668,15.1744874328,2.61178785419,True
NIC,Nicaragua,667,331,0,334,147th,665,5060.0,,,,,,6217796,77.4,74th,,,,,,,,,,,,2674123,87th,"[{u'organization_name': u'Switzerland, Government of', u'totalFunding': 982034}, {u'organization_name': u'European Commission's Humanitarian Aid and Civil Protection Department', u'totalFunding': 849826}, {u'organization_name': u'Saudi Arabia (Kingdom of), Government of', u'totalFunding': 475110}, {u'organization_name': u'World Food Programme', u'totalFunding': 207153}, {u'organization_name': u'United States of America, Government of', u'totalFunding': 160000}]",,,,,1419,2126,3545,0.1072727378,0.0212001458102,False
NIU,Niue,,,,,,,,,,,,,1614,,,,,,,,,,,,,,,,,,,,,19,0,19,,,False
NLD,Netherlands,114106,101744,0,10411,55th,112155,49410.0,,,,,,17032845,27.4,167th,,,,,,,,,,,,726075,110th,,,,,,37,49,86,6.69917444796,0.135583372758,False
NOR,Norway,70329,59522,0,7556,66th,67078,65430.0,,,,,,5330800,20.5,177th,,,,,,,,,,,,,,,,,,,10,18,28,13.1929541532,0.201634634773,False
NPL,Nepal,26170,25249,0,72,81st,25321,2500.0,,,,,,29187037,91.0,33rd,,,,,,,,,,,,20229337,56th,"[{u'organization_name': u'European Commission's Humanitarian Aid and Civil Protection Department', u'totalFunding': 6216291}, {u'organization_name': u'United States of America, Government of', u'totalFunding': 3461820}, {u'organization_name': u'Central Emergency Response Fund', u'totalFunding': 1942999}, {u'organization_name': u'Luxembourg, Government of', u'totalFunding': 1602902}, {u'organization_name': u'US Fund for UNICEF', u'totalFunding': 1429143}]",,,,,8377,11538,19915,0.896630925572,0.358652370229,False
NRU,Nauru,808,506,0,302,140th,808,,,,,,,10301,,,,,,,,,,,,,,,,,,,,,0,0,0,78.4389865062,,False
NZL,New Zealand,1724,1421,0,303,133rd,1724,36150.0,,,,,,4604871,22.6,170th,,,,,,,,,,,,,,,,,,,28,18,46,0.374386166301,0.0103564637981,False
OED,,,,,,,,40985.259635,,,,,,,,,,,,,,,,,,,,,,,,,,,,,,,,False
OMN,Oman,683,317,0,366,145th,683,38650.0,,,,,,4741305,52.5,133rd,,,,,,,,,,,,,,,,,,,38,25,63,0.144053166797,0.00372711945141,False
OSS,,,,,,,,24348.55485,,,,,,,,,,,,,,,,,,,,,,,,,,,,,,,,False
PAK,Pakistan,2510749,1352560,448956,4856,10th,1357416,5320.0,,,,,,196744376,98.9,17th,,,,,,,,,,,,324044982,17th,"[{u'organization_name': u'United States of America, Government of', u'totalFunding': 105965900}, {u'organization_name': u'United Kingdom, Government of', u'totalFunding': 36329344}, {u'organization_name': u'European Commission's Humanitarian Aid and Civil Protection Department', u'totalFunding': 28512442}, {u'organization_name': u'Germany, Government of', u'totalFunding': 18969926}, {u'organization_name': u'Not specified', u'totalFunding': 13709357}]",,,,,105428,67748,173176,12.7614778681,2.39877403536,False
PAN,Panama,21823,17350,0,4471,86th,21821,20460.0,,,,,,4051284,50.7,137th,,,,,,,,,,,,3584314,83rd,"[{u'organization_name': u'Not specified', u'totalFunding': 1910000}, {u'organization_name': u'United States of America, Government of', u'totalFunding': 766000}, {u'organization_name': u'US Fund for UNICEF', u'totalFunding': 659594}, {u'organization_name': u'Canada, Government of', u'totalFunding': 147710}, {u'organization_name': u'UNICEF National Committee/United Kingdom', u'totalFunding': 101010}]",,,,,40,84,124,5.38668728235,0.263278948307,False
PCN,Pitcairn,,,,,,,,,,,,,,,,,,,,,,,,,,,,,,,,,,,,,,,False
PER,Peru,6041,1649,0,4392,115th,6041,12060.0,6978317,39472408,32494091,0.176789746397,2017-08-01,32166473,70.3,104th,1100000.0,737641.0,1638000.0,445000.0,517683.0,http://reliefweb.int/sites/reliefweb.int/files/resources/-PE-Flash_Appeal_ENG_1000_hrs_%28PUBLIC%29-20170410-CV-20519.pdf,1250000.0,567000.0,Flash Appeal,"Amsterdam, Netherlands",1099000.0,1631924,99th,"[{u'organization_name': u'European Commission's Humanitarian Aid and Civil Protection Department', u'totalFunding': 1074510}, {u'organization_name': u'Italy, Government of', u'totalFunding': 557414}]",,,,,2609,2301,4910,0.187804239526,0.0155724908396,True
PHL,Philippines,348370,408,87418,214,33rd,622,8940.0,,,,,,103796832,84.4,54th,,,,,,,,,,,,22689116,53rd,"[{u'organization_name': u'European Commission's Humanitarian Aid and Civil Protection Department', u'totalFunding': 6033167}, {u'organization_name': u'United States of America, Government of', u'totalFunding': 4625372}, {u'organization_name': u'Germany, Government of', u'totalFunding': 3935663}, {u'organization_name': u'Sweden, Government of', u'totalFunding': 3031707}, {u'organization_name': u'China, Government of', u'totalFunding': 1738000}]",,,,,434,3120,3554,3.35626813736,0.375421491874,False
PLW,Palau,4,1,0,3,173rd,4,14730.0,,,,,,21726,,,,,,,,,,,,,,363379,120th,"[{u'organization_name': u'United States of America, Government of', u'totalFunding': 250000}, {u'organization_name': u'Italy, Government of', u'totalFunding': 113379}]",,,,,2,2,4,0.184111203167,0.0124990633514,False
PNG,Papua New Guinea,9559,9536,0,23,102nd,9559,,,,,,,7933841,86.4,48th,,,,,,,,,,,,17090961,63rd,"[{u'organization_name': u'Australia, Government of', u'totalFunding': 6034202}, {u'organization_name': u'Central Emergency Response Fund', u'totalFunding': 4736155}, {u'organization_name': u'European Commission's Humanitarian Aid and Civil Protection Department', u'totalFunding': 2229654}, {u'organization_name': u'United States of America, Government of', u'totalFunding': 1550000}, {u'organization_name': u'Japan, Government of', u'totalFunding': 1000000}]",,,,,399,264,663,1.20483886682,,False
POL,Poland,26003,11747,0,3431,82nd,15178,25930.0,,,,,,38563573,40.8,151st,,,,,,,,,,,,,,,,,,,1159,561,1720,0.674289179584,0.0260042105509,False
PRE,,,,,,,,3564.95649905,,,,,,,,,,,,,,,,,,,,,,,,,,,,,,,,False
PRI,Puerto Rico,,,,,,,,,,,,,3679086,,,,,,,,,,,,,,,,,,,,,0,0,0,,,False
PRK,Democratic People's Republic of Korea,,,,,,,,26502833,113502775,86999942,0.233499427657,2017-08-01,25405296,93.3,30th,18000000.0,15400000.0,,18000000.0,,http://reliefweb.int/sites/reliefweb.int/files/resources/DPRK%20Needs%20and%20Priorities%202017.pdf,,3500000.0,Needs and Priorities,"New York City, United States",18604000.0,43778254,40th,"[{u'organization_name': u'Central Emergency Response Fund', u'totalFunding': 13055211}, {u'organization_name': u'Switzerland, Government of', u'totalFunding': 10380599}, {u'organization_name': u'Germany, Government of', u'totalFunding': 3653276}, {u'organization_name': u'Sweden, Government of', u'totalFunding': 3181161}, {u'organization_name': u'Russian Federation, Government of', u'totalFunding': 3000000}]",,,,,1422,533,1955,,,True
PRT,Portugal,2066,1194,0,858,132nd,2052,29060.0,,,,,,10264797,29.0,164th,,,,,,,,,,,,50000,130th,"[{u'organization_name': u'United States of America, Government of', u'totalFunding': 50000}]",,,,,19,78,97,0.201270419668,0.00692602958253,False
PRY,Paraguay,237,204,0,33,154th,237,8680.0,,,,,,6811583,71.6,99th,,,,,,,,,,,,3142484,84th,"[{u'organization_name': u'European Commission's Humanitarian Aid and Civil Protection Department', u'totalFunding': 2067741}, {u'organization_name': u'United States of America, Government of', u'totalFunding': 650000}, {u'organization_name': u'Private (individuals & organizations)', u'totalFunding': 180951}, {u'organization_name': u'United Nations Population Fund', u'totalFunding': 126366}, {u'organization_name': u'Sweden, Government of', u'totalFunding': 117426}]",,,,,71,115,186,0.0347936742458,0.00400848781633,False
PSE,State of Palestine,0,0,0,0,185th,0,,225644461,551876643,326232182,0.408867568255,2017-08-01,4928225,,,,,,,,,,,,,,671099444,9th,"[{u'organization_name': u'United States of America, Government of', u'totalFunding': 263705863}, {u'organization_name': u'Germany, Government of', u'totalFunding': 87977200}, {u'organization_name': u'Japan, Government of', u'totalFunding': 71659837}, {u'organization_name': u'Sweden, Government of', u'totalFunding': 59056342}, {u'organization_name': u'European Commission's Humanitarian Aid and Civil Protection Department', u'totalFunding': 28792435}]",,,,,97796,5984,103780,0.0,,True
PSS,,,,,,,,5696.37302004,,,,,,,,,,,,,,,,,,,,,,,,,,,,,,,,False
PST,,,,,,,,44378.4383572,,,,,,,,,,,,,,,,,,,,,,,,,,,,,,,,False
PYF,French Polynesia,,,,,,,,,,,,,288685,,,,,,,,,,,,,,,,,,,,,,,,,,False
QAT,Qatar,1519,177,0,142,134th,319,138480.0,,,,,,2338085,44.0,146th,,,,,,,,,,,,,,,,,,,29,23,52,0.649676979237,0.00469148598525,False
REU,Réunion,,,,,,,,,,,,,873356,,,,,,,,,,,,,,,,,,,,,,,,,,False
ROU,Romania,3228,2905,0,74,125th,2979,21610.0,,,,,,19237513,50.9,136th,,,,,,,,,,,,,,,,,,,1199,2498,3697,0.167797157564,0.00776479211309,False
RUS,Russian Federation,322856,228990,0,3039,34th,232029,23770.0,,,,,,143375006,79.2,67th,,,,,,,,,,,,,,,,,,,62759,34993,97752,2.25182902521,0.0947340776275,False
RWA,Rwanda,164080,156065,0,464,51st,156529,1720.0,,,,,,12159586,90.8,34th,,,,,,,,,,,,59560492,37th,"[{u'organization_name': u'United States of America, Government of', u'totalFunding': 26864893}, {u'organization_name': u'Central Emergency Response Fund', u'totalFunding': 9217722}, {u'organization_name': u'Finland, Government of', u'totalFunding': 6911944}, {u'organization_name': u'Japan, Government of', u'totalFunding': 3878088}, {u'organization_name': u'Belgium, Government of', u'totalFunding': 2466987}]",,,,,286073,11709,297782,13.493880466,7.8452793407,False
SAS,,,,,,,,5658.13079136,,,,,,,,,,,,,,,,,,,,,,,,,,,,,,,,False
SAU,Saudi Arabia,70190,140,0,50,67th,190,54840.0,,,,,,32742664,71.2,101st,,,,,,,,,,,,,,,,,,,936,1000,1936,2.1436862926,0.0390898302808,False
SDN,Sudan,2704048,421466,2225557,16052,9th,437518,3990.0,156405590,803966226,647560636,0.194542488157,2017-08-01,42166323,110.6,5th,4800000.0,4300000.0,1700000.0,3600000.0,3200000.0,https://www.humanitarianresponse.info/en/operations/sudan/document/sudan-2017-humanitarian-needs-overview-0,1500000.0,3500000.0,Humanitarian Needs Overview,Ireland,4643740.0,641610240,11th,"[{u'organization_name': u'United States of America, Government of', u'totalFunding': 311597746}, {u'organization_name': u'United Kingdom, Government of', u'totalFunding': 81424763}, {u'organization_name': u'European Commission's Humanitarian Aid and Civil Protection Department', u'totalFunding': 62699936}, {u'organization_name': u'Not specified', u'totalFunding': 33801669}, {u'organization_name': u'Germany, Government of', u'totalFunding': 29322883}]",,,,,650640,46888,697528,64.1281432104,16.0722163435,True
SEN,Senegal,17803,14584,0,3219,92nd,17803,2380.0,1683663,15808722,14125059,0.10650215748,2017-08-01,16054275,82.3,60th,881000.0,,,881365.0,,https://www.humanitarianresponse.info/system/files/documents/files/hwp_2017_senegal_0.pdf,,,Humanitarian Response Plan,"Amsterdam, Netherlands",1099000.0,11167778,68th,"[{u'organization_name': u'European Commission's Humanitarian Aid and Civil Protection Department', u'totalFunding': 4328430}, {u'organization_name': u'Not specified', u'totalFunding': 2112645}, {u'organization_name': u'ECHO DFID contribution', u'totalFunding': 1480263}, {u'organization_name': u'Luxembourg, Government of', u'totalFunding': 969900}, {u'organization_name': u'France, Government of', u'totalFunding': 897550}]","As Gambia crisis passes, displaced return from Senegal",UNHCR,Displaced Gambian family returns home grateful to the Senegalese who opened their homes to them,http://kora.unhcr.org/gambia-crisis-passes-displaced-return-senegal/,23061,16319,39380,1.10892581571,0.465935216685,True
SGP,Singapore,1,0,0,0,182nd,0,81360.0,,,,,,5784538,32.5,161st,,,,,,,,,,,,,,,,,,,41,55,96,0.000172874653084,2.12481137025e-06,False
SGS,South Georgia and the South Sandwich Islands,,,,,,,,,,,,,,,,,,,,,,,,,,,,,,,,,,,,,,,False
SHN,Saint Helena,,,,,,,,,,,,,3970,,,,,,,,,,,,,,,,,,,,,,,,,,False
SJM,Svalbard and Jan Mayen Islands,,,,,,,,,,,,,,,,,,,,,,,,,,,,,,,,,,0,0,0,,,False
SLB,Solomon Islands,0,0,0,0,185th,0,2190.0,,,,,,606215,84.8,52nd,,,,,,,,,,,,1739366,97th,"[{u'organization_name': u'United States of America, Government of', u'totalFunding': 1000000}, {u'organization_name': u'Australia, Government of', u'totalFunding': 389519}, {u'organization_name': u'New Zealand, Government of', u'totalFunding': 338636}, {u'organization_name': u'Canada, Government of', u'totalFunding': 11211}]",,,,,69,80,149,0.0,0.0,False
SLE,Sierra Leone,693,683,0,7,143rd,690,1560.0,,,,,,6732899,89.3,38th,,,,,,,,,,,,26315011,49th,"[{u'organization_name': u'United Kingdom, Government of', u'totalFunding': 17203120}, {u'organization_name': u'Japan, Government of', u'totalFunding': 2968698}, {u'organization_name': u'Italy, Government of', u'totalFunding': 2291236}, {u'organization_name': u'Sweden, Government of', u'totalFunding': 2012386}, {u'organization_name': u'Private (individuals & organizations)', u'totalFunding': 584792}]",,,,,4679,4677,9356,0.102927431408,0.0659791226975,False
SLV,El Salvador,9846,45,0,1,101st,46,8240.0,,,,,,6167147,73.1,92nd,,,,,,,,,,,,4955103,79th,"[{u'organization_name': u'European Commission's Humanitarian Aid and Civil Protection Department', u'totalFunding': 4272040}, {u'organization_name': u'Private (individuals & organizations)', u'totalFunding': 329301}, {u'organization_name': u'Not specified', u'totalFunding': 100000}, {u'organization_name': u'Switzerland, Government of', u'totalFunding': 94682}, {u'organization_name': u'Italy, Government of', u'totalFunding': 82940}]",,,,,19614,62167,81781,1.59652429235,0.193752948101,False
SMR,San Marino,,,,,,,,,,,,,32104,,,,,,,,,,,,,,,,,,,,,2,0,2,,,False
SOM,Somalia,1623185,11574,1562554,12794,13th,24368,,613040958,1508830247,895789289,0.406302139832,2017-08-01,11391962,113.4,2nd,5000000.0,3300000.0,3000000.0,5000000.0,1100000.0,http://reliefweb.int/sites/reliefweb.int/files/resources/161124_som_hno_2017.pdf,1165000.0,3300000.0,Humanitarian Needs Overview,Norway,5190240.0,670829366,10th,"[{u'organization_name': u'United States of America, Government of', u'totalFunding': 179385961}, {u'organization_name': u'United Kingdom, Government of', u'totalFunding': 103503025}, {u'organization_name': u'Germany, Government of', u'totalFunding': 80351203}, {u'organization_name': u'European Commission's Humanitarian Aid and Civil Protection Department', u'totalFunding': 55551746}, {u'organization_name': u'World Food Programme', u'totalFunding': 54218479}]",All the gaffes that I have made since arriving in the UK,VICE,Young Somali refugee re-enacts some of his gaffes since his arrival in the UK while on stage,https://www.vice.com/en_uk/article/newneighbours-all-the-gaffes-ive-made-since-arriving-in-the-uk,1012323,60454,1072777,142.485113627,,True
SPM,Saint Pierre and Miquelon,,,,,,,,,,,,,6319,,,,,,,,,,,,,,,,,,,,,1,1,2,,,False
SRB,Serbia,259301,36522,219633,130,41st,36652,13420.0,,,,,,8776940,70.0,107th,,,,,,,,,,,,28574046,46th,"[{u'organization_name': u'Germany, Government of', u'totalFunding': 12003201}, {u'organization_name': u'Japan, Government of', u'totalFunding': 4815000}, {u'organization_name': u'European Commission', u'totalFunding': 3289862}, {u'organization_name': u'European Commission's Humanitarian Aid and Civil Protection Department', u'totalFunding': 2875139}, {u'organization_name': u'United Kingdom, Government of', u'totalFunding': 2657073}]",,,,,36933,21701,58634,29.5434399688,2.20144858188,False
SSA,,,,,,,,3567.08013959,,,,,,,,,,,,,,,,,,,,,,,,,,,,,,,,False
SSD,South Sudan,2870538,262560,1853924,1792,8th,264352,1630.0,891999340,1639694893,747695553,0.544003243413,2017-08-01,13096190,113.9,1st,7500000.0,5400000.0,1300000.0,5200000.0,7300000.0,http://reliefweb.int/sites/reliefweb.int/files/resources/South_Sudan_2017_Humanitarian_Needs_Overview.pdf,1900000.0,5100000.0,Humanitarian Needs Overview,Bulgaria,7177990.0,1402655946,5th,"[{u'organization_name': u'United States of America, Government of', u'totalFunding': 552080772}, {u'organization_name': u'United Kingdom, Government of', u'totalFunding': 173008707}, {u'organization_name': u'European Commission's Humanitarian Aid and Civil Protection Department', u'totalFunding': 159655362}, {u'organization_name': u'Germany, Government of', u'totalFunding': 93538461}, {u'organization_name': u'Canada, Government of', u'totalFunding': 49721997}]","14-Year-Old Who Fled South Sudan: 'They're Killing Women, Children'",NPR,"As the fighting in South Sudan has intensified, so has the flow of refugees to Uganda. ",http://www.npr.org/sections/goatsandsoda/2017/03/10/519662481/14-year-old-who-fled-south-sudan-theyre-killing-women-children,1436719,5707,1442426,219.188786968,134.471648447,True
SSF,,,,,,,,3569.14252376,,,,,,,,,,,,,,,,,,,,,,,,,,,,,,,,False
SST,,,,,,,,21459.7269611,,,,,,,,,,,,,,,,,,,,,,,,,,,,,,,,False
STP,Sao Tome and Principe,0,0,0,0,185th,0,3250.0,,,,,,198481,72.1,97th,,,,,,,,,,,,,,,,,,,29,12,41,0.0,0.0,False
SUR,Suriname,48,1,0,46,159th,47,16610.0,,,,,,552112,65.9,113th,,,,,,,,,,,,,,,,,,,18,29,47,0.086938881966,0.00523412895641,False
SVK,Slovakia,2596,990,0,38,129th,1028,29440.0,,,,,,5432157,44.3,144th,,,,,,,,,,,,,,,,,,,794,586,1380,0.47789487675,0.0162328422809,False
SVN,Slovenia,785,462,0,319,142nd,781,31180.0,,,,,,2071252,32.4,162nd,,,,,,,,,,,,1861034,95th,"[{u'organization_name': u'Council of Europe Development Bank', u'totalFunding': 600227}, {u'organization_name': u'Germany, Government of', u'totalFunding': 524307}, {u'organization_name': u'Private (individuals & organizations)', u'totalFunding': 296500}, {u'organization_name': u'United Kingdom, Government of', u'totalFunding': 287315}, {u'organization_name': u'Not specified', u'totalFunding': 122685}]",,,,,21,16,37,0.378997823539,0.0121551579069,False
SWE,Sweden,349303,230164,0,83103,32nd,313267,48700.0,,,,,,9920624,22.1,174th,,,,,,,,,,,,,,,,,,,15,20,35,35.2097811589,0.722993452955,False
SWZ,Swaziland,1123,728,0,385,138th,1113,8260.0,,,,,,1320356,88.8,42nd,,,,,,,,,,,,20772118,55th,"[{u'organization_name': u'United States of America, Government of', u'totalFunding': 9577150}, {u'organization_name': u'European Commission's Humanitarian Aid and Civil Protection Department', u'totalFunding': 4624004}, {u'organization_name': u'Central Emergency Response Fund', u'totalFunding': 3141908}, {u'organization_name': u'Canada, Government of', u'totalFunding': 986547}, {u'organization_name': u'Italy, Government of', u'totalFunding': 779757}]",,,,,229,145,374,0.850528190882,0.102969514635,False
SXM,Sint Maarten (Dutch part),10,3,0,7,168th,10,,,,,,,40117,,,,,,,,,,,,,,,,,,,,,0,0,0,0.249270882668,,False
SYC,Seychelles,2,2,0,0,179th,2,25670.0,,,,,,97539,59.4,125th,,,,,,,,,,,,,,,,,,,14,8,22,0.0205046186654,0.000798777509363,False
SYR,Syrian Arab Republic,7131910,19809,6325978,12494,2nd,32303,,1115418761,3349508300,2234089539,0.333009702051,2017-08-01,18906907,110.6,5th,13500000.0,12800000.0,6100000.0,9000000.0,13500000.0,http://hno-syria.org/#home,6300000.0,14900000.0,Humanitarian Needs Overview,"Rio de Janeiro, Brazil",12981000.0,2632063264,1st,"[{u'organization_name': u'United States of America, Government of', u'totalFunding': 756710853}, {u'organization_name': u'Germany, Government of', u'totalFunding': 473920543}, {u'organization_name': u'United Kingdom, Government of', u'totalFunding': 329324213}, {u'organization_name': u'European Commission's Humanitarian Aid and Civil Protection Department', u'totalFunding': 224608757}, {u'organization_name': u'Norway, Government of', u'totalFunding': 92907806}]",Searching for Syria,UNHCR/Google,Understanding how the ongoing war has changed the lives of Syrians,https://searchingforsyria.org/en,5524377,184218,5708595,377.211883467,,True
TCA,Turks and Caicos Islands,4,4,0,0,173rd,4,,,,,,,35442,,,,,,,,,,,,,,,,,,,,,16,3,19,0.112860448056,,False
TCD,Chad,554248,391251,124342,1909,27th,393160,2110.0,147543754,588608263,441064509,0.2506654481,2017-08-01,14965482,109.4,8th,4700000.0,1900000.0,600000.0,4300000.0,700000.0,http://reliefweb.int/sites/reliefweb.int/files/resources/tcd_str_hno2017_fr_20161216.pdf,920418.0,1900000.0,Humanitarian Needs Overview,Ireland,4643740.0,314218912,18th,"[{u'organization_name': u'United States of America, Government of', u'totalFunding': 121046157}, {u'organization_name': u'European Commission's Humanitarian Aid and Civil Protection Department', u'totalFunding': 47695551}, {u'organization_name': u'Central Emergency Response Fund', u'totalFunding': 27491130}, {u'organization_name': u'World Food Programme', u'totalFunding': 21248657}, {u'organization_name': u'Germany, Government of', u'totalFunding': 20443419}]",Finding a new family in a refugee camp in Chad,UNICEF,"After fleeing Nigeria, orphaned child finds a new family in his former neighbour's",https://blogs.unicef.org/blog/finding-a-new-family-in-a-refugee-camp-in-chad/,14193,3180,17373,37.03509182,17.552176218,True
TEA,,,,,,,,13030.1949275,,,,,,,,,,,,,,,,,,,,,,,,,,,,,,,,False
TEC,,,,,,,,18472.6693243,,,,,,,,,,,,,,,,,,,,,,,,,,,,,,,,False
TGO,Togo,13279,12491,0,783,96th,13274,1330.0,,,,,,7691915,83.9,56th,,,,,,,,,,,,368528,119th,"[{u'organization_name': u'Switzerland, Government of', u'totalFunding': 208526}, {u'organization_name': u'Not specified', u'totalFunding': 160002}]",,,,,8310,2657,10967,1.72635813058,1.29801363202,False
THA,Thailand,599459,106447,0,5010,25th,111457,15520.0,,,,,,68297547,76.2,82nd,,,,,,,,,,,,21204503,54th,"[{u'organization_name': u'United States of America, Government of', u'totalFunding': 18014809}, {u'organization_name': u'European Commission's Humanitarian Aid and Civil Protection Department', u'totalFunding': 1379081}, {u'organization_name': u'Sweden, Government of', u'totalFunding': 1201923}, {u'organization_name': u'Not specified', u'totalFunding': 460000}, {u'organization_name': u'Private (individuals & organizations)', u'totalFunding': 100000}]",,,,,158,957,1115,8.77716735566,0.565539133741,False
TIB,,,,,,,,,,,,,,,,,,,,,,,,,,,,,,,,,,,13534,9,13543,,,False
TJK,Tajikistan,20162,2729,0,431,89th,3160,3460.0,,,,,,8858115,81.8,61st,,,,,,,,,,,,18682680,60th,"[{u'organization_name': u'Saudi Arabia (Kingdom of), Government of', u'totalFunding': 12041601}, {u'organization_name': u'European Commission's Humanitarian Aid and Civil Protection Department', u'totalFunding': 2027702}, {u'organization_name': u'United States of America, Government of', u'totalFunding': 1285690}, {u'organization_name': u'Switzerland, Government of', u'totalFunding': 1091204}, {u'organization_name': u'Kazakhstan, Government of', u'totalFunding': 843015}]",,,,,925,3199,4124,2.27610501783,0.657833820182,False
TKL,Tokelau,,,,,,,,,,,,,1300,,,,,,,,,,,,,,,,,,,,,,,,,,False
TKM,Turkmenistan,5771,27,0,0,117th,27,15760.0,,,,,,5502586,74.4,86th,,,,,,,,,,,,,,,,,,,377,1073,1450,1.04877961017,0.0665469295792,False
TLA,,,,,,,,14827.2283356,,,,,,,,,,,,,,,,,,,,,,,,,,,,,,,,False
TLS,Timor-Leste,2,0,0,0,179th,0,4550.0,,,,,,1237251,90.5,35th,,,,,,,,,,,,5197991,78th,"[{u'organization_name': u'United States of America, Government of', u'totalFunding': 3487598}, {u'organization_name': u'Central Emergency Response Fund', u'totalFunding': 846703}, {u'organization_name': u'Sweden, Government of', u'totalFunding': 366206}, {u'organization_name': u'New Zealand, Government of', u'totalFunding': 290761}, {u'organization_name': u'Papua New Guinea, Government of', u'totalFunding': 129630}]",,,,,22,4,26,0.00161648687291,0.000355271840201,False
TON,Tonga,0,0,0,0,185th,0,5590.0,,,,,,107797,,,,,,,,,,,,,,725573,111th,"[{u'organization_name': u'United States of America, Government of', u'totalFunding': 488402}, {u'organization_name': u'New Zealand, Government of', u'totalFunding': 237171}]",,,,,27,78,105,0.0,0.0,False
TSA,,,,,,,,5658.13079136,,,,,,,,,,,,,,,,,,,,,,,,,,,,,,,,False
TSS,,,,,,,,3569.14252376,,,,,,,,,,,,,,,,,,,,,,,,,,,,,,,,False
TTO,Trinidad and Tobago,326,109,0,209,151st,318,32180.0,,,,,,1369157,56.7,128th,,,,,,,,,,,,,,,,,,,295,241,536,0.238102715759,0.00739908998629,False
TUN,Tunisia,685,649,0,33,144th,682,11100.0,,,,,,11494760,74.2,89th,,,,,,,,,,,,2608249,89th,"[{u'organization_name': u'Switzerland, Government of', u'totalFunding': 2042025}, {u'organization_name': u'Luxembourg, Government of', u'totalFunding': 437158}, {u'organization_name': u'Not specified', u'totalFunding': 89030}, {u'organization_name': u'Denmark, Government of', u'totalFunding': 40036}]",,,,,1700,2050,3750,0.0595923707846,0.00536868205267,False
TUR,Turkey,3116156,2869421,0,245955,6th,3115376,19740.0,,,,,,80417526,80.8,64th,,,,,,,,,,,,631518891,12th,"[{u'organization_name': u'World Food Programme', u'totalFunding': 155422765}, {u'organization_name': u'United States of America, Government of', u'totalFunding': 114604782}, {u'organization_name': u'European Commission', u'totalFunding': 83812133}, {u'organization_name': u'European Commission's Humanitarian Aid and Civil Protection Department', u'totalFunding': 63408592}, {u'organization_name': u'Germany, Government of', u'totalFunding': 54673735}]",,,,,57925,23228,81153,38.749712345,1.96300467807,False
TUV,Tuvalu,,,,,,,6690.0,,,,,,9975,,,,,,,,,,,,,,,,,,,,,2,1,3,,,False
TWN,Taiwan,,,,,,,,,,,,,,,,,,,,,,,,,,,1400000,102nd,"[{u'organization_name': u'Japan, Government of', u'totalFunding': 1200000}, {u'organization_name': u'United States of America, Government of', u'totalFunding': 200000}]",,,,,,,,,,False
TZA,United Republic of Tanzania,458828,281498,0,8539,29th,290037,2630.0,,,,,,56877529,80.3,65th,,,,,,,,,,,,135059949,30th,"[{u'organization_name': u'United States of America, Government of', u'totalFunding': 32547394}, {u'organization_name': u'Private (individuals & organizations)', u'totalFunding': 24406191}, {u'organization_name': u'European Commission's Humanitarian Aid and Civil Protection Department', u'totalFunding': 23241243}, {u'organization_name': u'Central Emergency Response Fund', u'totalFunding': 12492761}, {u'organization_name': u'Germany, Government of', u'totalFunding': 11820604}]",,,,,594,1233,1827,8.06694679018,3.06728014836,False
UGA,Uganda,1162715,940835,0,41880,16th,982715,1820.0,,,,,,41652938,96.0,24th,,,,,,,,,,,,149339830,29th,"[{u'organization_name': u'United States of America, Government of', u'totalFunding': 59158919}, {u'organization_name': u'Central Emergency Response Fund', u'totalFunding': 28297524}, {u'organization_name': u'European Commission's Humanitarian Aid and Civil Protection Department', u'totalFunding': 17388793}, {u'organization_name': u'Sweden, Government of', u'totalFunding': 9210171}, {u'organization_name': u'Private (individuals & organizations)', u'totalFunding': 7826916}]",Fish farm nets benefit for Congolese refugees and Ugandan hosts,UNHCR,Fish farming project in Uganda bringing together refugees and locals,http://www.unhcr.org/news/stories/2017/6/593958e64/fish-farm-nets-benefits-congolese-refugees-ugandan-hosts.html,6233,5323,11556,27.9143574458,15.3375590362,False
UKR,Ukraine,1845246,3302,1800000,6573,12th,9875,7840.0,44227446,214058212,169830766,0.206614105513,2017-08-01,44405055,74.0,90th,3800000.0,2200000.0,600000.0,1100000.0,2900000.0,https://www.humanitarianresponse.info/system/files/documents/files/ukraine_humanitarian_needs_overview_2017_eng.pdf,600000.0,3700000.0,Humanitarian Needs Overview,"Rome, Italy",3738000.0,257566949,20th,"[{u'organization_name': u'Germany, Government of', u'totalFunding': 104980246}, {u'organization_name': u'United States of America, Government of', u'totalFunding': 54606442}, {u'organization_name': u'European Commission's Humanitarian Aid and Civil Protection Department', u'totalFunding': 31186514}, {u'organization_name': u'United Kingdom, Government of', u'totalFunding': 11918353}, {u'organization_name': u'World Food Programme', u'totalFunding': 9299076}]",Thousands in Eastern Ukraine lose access to pensions,UNHCR,Retired and elderly people in non-government-controlled areas have lost their main source of income as a result of registration requirements,http://www.unhcr.org/news/stories/2017/6/59396b6d5/thousands-eastern-ukraine-lose-access-pensions.html,239075,27862,266937,41.5548635172,5.30036524454,True
UMC,,,,,,,,15664.8154431,,,,,,,,,,,,,,,,,,,,,,,,,,,,,,,,False
UMI,United States Minor Outlying Islands,,,,,,,,,,,,,,,,,,,,,,,,,,,,,,,,,,,,,,,False
URY,Uruguay,683,312,0,371,145th,683,20400.0,,,,,,3456877,36.8,157th,,,,,,,,,,,,50000,130th,"[{u'organization_name': u'United States of America, Government of', u'totalFunding': 50000}]",,,,,27,108,135,0.197577177319,0.00968515575095,False
USA,United States of America,815608,272959,0,542649,19th,815608,57540.0,,,,,,326474013,35.6,158th,,,,,,,,,,,,,,,,,,,310,288,598,2.4982325316,0.0434173189365,False
UZB,Uzbekistan,86554,27,0,0,61st,27,6200.0,,,,,,30690914,81.5,63rd,,,,,,,,,,,,169875,123rd,"[{u'organization_name': u'European Commission's Humanitarian Aid and Civil Protection Department', u'totalFunding': 169875}]",,,,,3836,3013,6849,2.82018319819,0.454868257773,False
VAT,Holy See,,,,,,,,,,,,,801,,,,,,,,,,,,,,,,,,,,,0,0,0,,,False
VCT,Saint Vincent and the Grenadines,0,0,0,0,185th,0,11090.0,,,,,,109895,,,,,,,,,,,,,,,,,,,,,1333,133,1466,0.0,0.0,False
VEN,Venezuela (Bolivarian Republic of),172957,172053,0,904,48th,172957,,,,,,,31925705,82.9,58th,,,,,,,,,,,,2461802,91st,"[{u'organization_name': u'European Commission's Humanitarian Aid and Civil Protection Department', u'totalFunding': 1359363}, {u'organization_name': u'United States of America, Government of', u'totalFunding': 1000000}, {u'organization_name': u'Switzerland, Government of', u'totalFunding': 102439}]",,,,,7537,45088,52625,5.41748412447,,False
VGB,British Virgin Islands,0,0,0,0,185th,0,,,,,,,31200,,,,,,,,,,,,,,,,,,,,,0,0,0,0.0,,False
VIR,United States Virgin Islands,,,,,,,,,,,,,106574,,,,,,,,,,,,,,,,,,,,,0,0,0,,,False
VNM,Viet Nam,11000,0,0,0,98th,0,5720.0,,,,,,95414640,70.2,105th,,,,,,,,,,,,9676433,70th,"[{u'organization_name': u'Central Emergency Response Fund', u'totalFunding': 3897864}, {u'organization_name': u'Japan, Government of', u'totalFunding': 2500000}, {u'organization_name': u'European Commission's Humanitarian Aid and Civil Protection Department', u'totalFunding': 2219755}, {u'organization_name': u'United States of America, Government of', u'totalFunding': 899329}, {u'organization_name': u'Canada, Government of', u'totalFunding': 159485}]",,,,,329351,4550,333901,0.115286291496,0.0201549460657,False
VUT,Vanuatu,0,0,0,0,185th,0,,,,,,,276331,,,,,,,,,,,,,,3621309,82nd,"[{u'organization_name': u'United States of America, Government of', u'totalFunding': 2252897}, {u'organization_name': u'Australia, Government of', u'totalFunding': 743627}, {u'organization_name': u'New Zealand, Government of', u'totalFunding': 272458}, {u'organization_name': u'Switzerland, Government of', u'totalFunding': 188488}, {u'organization_name': u'Not specified', u'totalFunding': 149959}]",,,,,2,0,2,0.0,,False
WLD,,,,,,,,15655.4261815,,,,,,,,,,,,,,,,,,,,,,,,,,,,,,,,False
WLF,Wallis and Futuna Islands,,,,,,,,,,,,,13090,,,,,,,,,,,,,,,,,,,,,0,1,1,,,False
WSM,Samoa,3,3,0,0,177th,3,5740.0,,,,,,195743,67.1,111th,,,,,,,,,,,,,,,,,,,1,11,12,0.0153262185621,0.00267007292023,False
XKX,,,,,,,,9870.0,,,,,,,,,,,,,,,,,,,,,,,,,,,,,,,,False
XXA ,,,,,,,,,,,,,,,,,,,,,,,,,,,,,,,,,,,48683,10728,59411,,,False
XXX,,,,,,,,,,,,,,,,,,,,,,,,,,,,,,,,,,,138786,228434,367220,,,False
YEM,Yemen,3278011,269783,2025060,9097,5th,278880,2720.0,899147245,2067662020,1168514775,0.434861808314,2017-08-01,28119546,111.1,4th,18800000.0,14800000.0,2300000.0,14120000.0,11268000.0,http://reliefweb.int/sites/reliefweb.int/files/resources/YEMEN%202017%20HNO_Final.pdf,4500000.0,14500000.0,Humanitarian Needs Overview,"New York City, United States",18604000.0,1791920860,4th,"[{u'organization_name': u'United Arab Emirates, Government of', u'totalFunding': 474953221}, {u'organization_name': u'United States of America, Government of', u'totalFunding': 343266216}, {u'organization_name': u'Saudi Arabia (Kingdom of), Government of', u'totalFunding': 293245990}, {u'organization_name': u'United Kingdom, Government of', u'totalFunding': 183134986}, {u'organization_name': u'World Food Programme', u'totalFunding': 67378926}]",Braving bombs and bullets to stay in school in Yemen,UNHCR,"Somali refugee girl in Yemen is determined to stay in school, despite the war",http://www.unhcr.org/news/stories/2017/5/59085a314/braving-bombs-bullets-stay-school-yemen.html,18452,15858,34310,116.574108273,42.8581280417,True
ZAF,South Africa,309342,91043,0,218299,36th,309342,12870.0,,,,,,55436360,72.3,96th,,,,,,,,,,,,5382412,77th,"[{u'organization_name': u'United States of America, Government of', u'totalFunding': 3545366}, {u'organization_name': u'Education Above All Foundation', u'totalFunding': 1677810}, {u'organization_name': u'Estonia, Government of', u'totalFunding': 159236}]",,,,,450,959,1409,5.58012827682,0.433576400685,False
ZMB,Zambia,57209,29350,0,3319,70th,32669,3640.0,,,,,,17237931,87.8,46th,,,,,,,,,,,,6129947,76th,"[{u'organization_name': u'United States of America, Government of', u'totalFunding': 3400000}, {u'organization_name': u'Saudi Arabia (Kingdom of), Government of', u'totalFunding': 1450000}, {u'organization_name': u'Canada, Government of', u'totalFunding': 953805}, {u'organization_name': u'Start Fund', u'totalFunding': 152677}, {u'organization_name': u'Liechtenstein, Government of', u'totalFunding': 102145}]",,,,,265,310,575,3.31878576379,0.911754330712,False
ZWE,Zimbabwe,10064,7426,0,952,100th,8378,1710.0,,,,,,16337760,101.6,13th,,,,,,,,,,,,231355870,22nd,"[{u'organization_name': u'United States of America, Government of', u'totalFunding': 105781390}, {u'organization_name': u'United Kingdom, Government of', u'totalFunding': 52523121}, {u'organization_name': u'Germany, Government of', u'totalFunding': 18363657}, {u'organization_name': u'European Commission's Humanitarian Aid and Civil Protection Department', u'totalFunding': 16676439}, {u'organization_name': u'Canada, Government of', u'totalFunding': 7496420}]",,,,,18156,43202,61358,0.615996317733,0.360231764756,False
null,,0,0,0,0,185th,0,,323853656,690935692,367082036,0.468717508373,2017-08-01,1870460803,,,,,,,,,,,,,,2022849581,2nd,,,,,,,,,0.0,,True
